"","fac_1","fac_2","fac_3","fac_4","Type_FS1","Type_FS2","Type_FS3","Type_FS4","Type"
"1",5.77109393064827,7.1174526137509,-4.09611634242365,-4.04502554353292,0,0,0,0,"0|0|0|0"
"2",4.61089689630284,4.59667632758563,-1.57239453313119,-1.09897460839234,0,0,0,0,"0|0|0|0"
"3",3.07476840949718,8.61389581521831,-3.17850303154974,-1.07195813604242,0,0,0,0,"0|0|0|0"
"4",6.16561729239053,9.1816102866594,-4.17061873601605,-2.24042634449799,0,0,0,0,"0|0|0|0"
"5",5.96286930833634,10.9689075605389,-4.57116508315873,-0.824027128651731,0,0,0,0,"0|0|0|0"
"6",5.81812696780388,9.01752628835319,-2.69174031345275,0.7899579993382,0,0,0,0,"0|0|0|0"
"7",6.68448778688394,13.0449142028009,-5.24387726464138,-1.09897460839234,0,1,0,0,"0|1|0|0"
"8",11.2592995377323,7.33530457004627,2.8321477998843,-1.81943900766731,1,0,2,0,"1|0|2|0"
"9",7.15333214643897,4.10254609995441,-4.17236428897986,-0.205453879677374,0,-1,0,0,"0|-1|0|0"
"10",1.32656422048997,16.7317532177856,-5.14159452672204,-1.34690561578302,-1,2,0,0,"-1|2|0|0"
"11",8.55167827833337,6.95854594725953,-6.4450411060523,-3.15925667493176,0,0,0,0,"0|0|0|0"
"12",10.06878687753,5.78587038027658,-5.38495546704435,-6.27836393951234,0,0,0,-1,"0|0|0|-1"
"13",-1.18468176216452,8.14076549793882,-7.42636788615081,1.87409279909817,-1,0,-1,1,"-1|0|-1|1"
"14",1.49169896056935,4.80116554349981,-6.31604190591865,1.51042239861317,-1,0,0,1,"-1|0|0|1"
"15",3.32588996462998,7.69418058041963,-0.906218137175368,-0.205453879677374,0,0,0,0,"0|0|0|0"
"16",4.71973149438029,9.10939810017822,-5.98091009309491,-1.34690561578302,0,0,0,0,"0|0|0|0"
"17",9.1962224705099,3.23906370380593,-5.73127067711685,-1.60258848328751,0,-1,0,0,"0|-1|0|0"
"18",11.0109129711469,2.36362012516153,-6.79675793350308,-1.07195813604242,1,-1,0,0,"1|-1|0|0"
"19",8.74411794193232,2.18265184504675,-4.07874352744458,-4.05277740364672,0,-1,0,0,"0|-1|0|0"
"20",7.73998437391253,11.7404503694657,-10.1981520930606,-5.19422913975237,0,0,-1,-1,"0|0|-1|-1"
"21",12.7945227937795,16.1358921427706,-8.01186612064255,-6.27836393951234,1,2,-1,-1,"1|2|-1|-1"
"22",-0.370477762543748,9.41632239104917,-2.48523769522155,1.161380259937,-1,0,0,1,"-1|0|0|1"
"23",6.17964997618907,3.45767984678856,-4.06870422694595,-0.35149373676745,0,-1,0,0,"0|-1|0|0"
"24",3.77029779001098,5.68984674097255,-1.40568908219479,-1.96547886475738,0,0,0,0,"0|0|0|0"
"25",3.73760315117215,7.78633715624058,0.561744027335596,4.68185573726248,0,0,1,2,"0|0|1|2"
"26",6.96583004048948,6.73078883730571,-6.07143137164979,-0.408810673113132,0,0,0,0,"0|0|0|0"
"27",9.85777474684964,13.7615491783046,-4.08063379655514,1.161380259937,0,1,0,1,"0|1|0|1"
"28",8.64749766513858,4.13790818389919,-3.77090269241198,-3.15925667493176,0,-1,0,0,"0|-1|0|0"
"29",12.2558263792974,14.9265009497045,-8.65217285056944,-3.15925667493176,1,1,-1,0,"1|1|-1|0"
"30",0.727484651748781,12.0570472291499,-0.85257499082247,-0.461136747181859,-1,1,0,0,"-1|1|0|0"
"31",12.5772602357218,8.54752250187489,-7.60866138439825,-2.1908612682661,1,0,-1,0,"1|0|-1|0"
"32",1.15193855802555,6.32830166695123,-4.56923642290045,3.24092693871254,-1,0,0,1,"-1|0|0|1"
"33",8.89479266313784,9.74658667980558,-7.62239837730294,-4.05277740364672,0,0,-1,0,"0|0|-1|0"
"34",9.50054941111847,3.94551218438697,-5.78046646974627,-4.05277740364672,0,-1,0,0,"0|-1|0|0"
"35",11.8237860867316,0.519199638006401,-1.95416673836165,-4.05277740364672,1,-1,0,0,"1|-1|0|0"
"36",5.73057016959854,14.8820582601931,-4.16049218215876,-0.983235215298025,0,1,0,0,"0|1|0|0"
"37",9.78930514878528,1.95089653512875,-7.57986367750764,-0.35149373676745,0,-1,-1,0,"0|-1|-1|0"
"38",10.6098825267148,7.61633240338997,-3.16302048568123,-4.30070841103741,1,0,0,0,"1|0|0|0"
"39",8.53458285836419,9.18245371510592,7.23244793305182,-1.34690561578302,0,0,2,0,"0|0|2|0"
"40",-3.40060140455782,9.20908062718425,-1.28319876265169,1.87409279909817,-2,0,0,1,"-2|0|0|1"
"41",-0.985037232830611,6.45721867172113,-2.1688091482095,-6.27836393951234,-1,0,0,-1,"-1|0|0|-1"
"42",6.97271347181571,3.83235641810947,-5.1433558152061,-3.33231300437175,0,-1,0,0,"0|-1|0|0"
"43",10.1816865217164,13.3969196755656,-10.2392854659228,-4.05277740364672,0,1,-1,0,"0|1|-1|0"
"44",8.10136318828111,4.83146483314198,-5.60262584203418,-2.43879227565679,0,0,0,0,"0|0|0|0"
"45",8.13137413235326,10.4372803924095,-4.81968161579288,-2.96089074377296,0,0,0,0,"0|0|0|0"
"46",8.34535621349163,3.68348057286938,-5.02606309633753,-2.06737001505799,0,-1,0,0,"0|-1|0|0"
"47",7.7806846905075,10.0902962702373,-1.90304093828283,-5.19422913975237,0,0,0,-1,"0|0|0|-1"
"48",6.38443788062787,6.82468753995533,-4.36640109778413,-6.27836393951234,0,0,0,-1,"0|0|0|-1"
"49",9.57514032072845,11.0396100911187,-6.37226611661608,-6.27836393951234,0,0,0,-1,"0|0|0|-1"
"50",7.30648404259973,3.90779214262497,-8.70287356773154,-5.13691220340669,0,-1,-1,-1,"0|-1|-1|-1"
"51",1.44430505144017,6.34750629642318,-6.84102918049334,-4.1100943399924,-1,0,0,0,"-1|0|0|0"
"52",9.25319751508731,10.8741863877003,1.85109655432794,-6.27836393951234,0,0,1,-1,"0|0|1|-1"
"53",5.12713365593953,3.99111750189968,-3.82160340957409,-0.626441216508055,0,-1,0,0,"0|-1|0|0"
"54",5.79306765889122,10.2048117775453,-6.25817053923049,0.267859531222033,0,0,0,0,"0|0|0|0"
"55",7.16403932310402,9.88958234379726,-3.15673615601453,-4.05277740364672,0,0,0,0,"0|0|0|0"
"56",10.6369529604418,11.053140886665,-3.18429206480625,-6.27836393951234,1,0,0,-1,"1|0|0|-1"
"57",3.2557988331234,5.24260404470952,-8.21282115743384,-3.04961366451735,0,0,-1,0,"0|0|-1|0"
"58",6.72727187574005,9.32504737909149,-2.58265380766548,1.161380259937,0,0,0,1,"0|0|0|1"
"59",8.52131045715592,3.65755784044034,-2.71568639191768,-2.06737001505799,0,-1,0,0,"0|-1|0|0"
"60",9.83073549413177,14.5546498821663,-8.19095662339606,-2.91132566754107,0,1,-1,0,"0|1|-1|0"
"61",2.42185457710749,6.06955600766956,0.129270366472528,-3.15925667493176,-1,0,1,0,"-1|0|1|0"
"62",9.33940944851934,2.71435096152264,-6.28047816140328,-2.96089074377296,0,-1,0,0,"0|-1|0|0"
"63",11.04986617554,8.56597501895416,-2.31554939217147,2.24551505969696,1,0,0,1,"1|0|0|1"
"64",11.2852722755015,3.71165462902125,-4.92554164690225,-3.33231300437175,1,-1,0,0,"1|-1|0|0"
"65",8.28025211381754,2.42278726369676,-1.14946066721063,-2.24042634449799,0,-1,0,0,"0|-1|0|0"
"66",4.47214712508398,5.8557011717421,-3.44491873747141,3.8595001876869,0,0,0,1,"0|0|0|1"
"67",7.19454767426215,9.72091951442604,0.596374830993793,-4.05277740364672,0,0,1,0,"0|0|1|0"
"68",10.5017743741603,6.69858754091638,-6.11703306947267,-6.27836393951234,1,0,0,-1,"1|0|0|-1"
"69",11.595600790807,13.3366757728769,-6.02524646145098,-2.96089074377296,1,1,0,0,"1|1|0|0"
"70",8.82005963878564,13.075700623635,-7.94059020172806,-6.27836393951234,0,1,-1,-1,"0|1|-1|-1"
"71",6.57239583122774,4.94806445499116,1.32685202096344,-5.13691220340669,0,0,1,-1,"0|0|1|-1"
"72",7.83517750717867,11.293425787948,-5.54157413547956,-0.983235215298025,0,0,0,0,"0|0|0|0"
"73",4.79106287567559,8.23569442541845,-1.97971322928525,3.8595001876869,0,0,0,1,"0|0|0|1"
"74",3.17790558143093,6.06500782424867,-2.14837847824164,5.57537646597744,0,0,0,2,"0|0|0|2"
"75",0.557209103700906,5.82777573360451,-4.05820944423941,-2.96089074377296,-1,0,0,0,"-1|0|0|0"
"76",12.1703894568347,7.46205177677289,-4.67344855954858,-5.19422913975237,1,0,0,-1,"1|0|0|-1"
"77",9.96092370625897,16.8474032462977,-8.81262312321544,-4.4737647404774,0,2,-1,0,"0|2|-1|0"
"78",3.70209756333949,8.75457253569396,-1.27764560829568,0.7899579993382,0,0,0,0,"0|0|0|0"
"79",0.276177235906841,10.9378491710947,-0.857705200107338,-1.18160114645683,-1,0,0,0,"-1|0|0|0"
"80",0.602777658574004,10.2363993182058,-6.74737002781034,0.878680920082594,-1,0,0,0,"-1|0|0|0"
"81",4.7142569813275,5.54743756489805,-3.91567965331728,-2.96089074377296,0,0,0,0,"0|0|0|0"
"82",5.43931693265156,15.8345618741909,-8.27642636461427,-0.262770816023056,0,2,-1,0,"0|2|-1|0"
"83",12.0965917372589,10.3348453488258,-6.55146652835572,5.57537646597744,1,0,0,2,"1|0|0|2"
"84",3.39604440916654,7.15585738037125,-9.46852365518808,-2.96089074377296,0,0,-1,0,"0|0|-1|0"
"85",6.10629301533612,7.25586410142827,1.73688318070314,-3.04961366451735,0,0,1,0,"0|0|1|0"
"86",2.45051070526914,6.83446417711563,-6.41214961443681,-3.15925667493176,-1,0,0,0,"-1|0|0|0"
"87",7.99378859023708,3.03132007849731,-4.34504797718899,-2.96089074377296,0,-1,0,0,"0|-1|0|0"
"88",6.81143408591133,10.251135531382,-2.81424743461237,0.7899579993382,0,0,0,0,"0|0|0|0"
"89",9.57233826363896,2.24536087020826,-1.49961954369497,-5.55789954023737,0,-1,0,-1,"0|-1|0|-1"
"90",8.23422770102959,8.66503789549796,-9.18516796086779,-2.06737001505799,0,0,-1,0,"0|0|-1|0"
"91",4.09235376964514,9.50621687868684,-5.964008495844,-5.13691220340669,0,0,0,-1,"0|0|0|-1"
"92",9.68992051347734,4.62220358600335,-1.42115589254305,-1.34690561578302,0,0,0,0,"0|0|0|0"
"93",-3.60156619506834,14.0212488548079,-1.17456802016718,-0.824027128651731,-2,1,0,0,"-2|1|0|0"
"94",7.79365323436294,2.5065299940563,-6.08272161328609,-4.05277740364672,0,-1,0,0,"0|-1|0|0"
"95",4.42459049121984,8.32590926487051,-2.6095251765056,-2.06737001505799,0,0,0,0,"0|0|0|0"
"96",0.138400193806796,12.1894777415019,-2.09390998311216,3.96139133798751,-1,1,0,1,"-1|1|0|1"
"97",4.34185062414596,4.36487667118555,-7.70554701175916,-4.41644780413172,0,0,-1,0,"0|0|-1|0"
"98",5.85810662753768,5.68798595470426,-1.52169307749858,3.7707772669425,0,0,0,1,"0|0|0|1"
"99",8.66237763656125,9.30808817270149,3.2615093025992,-2.96089074377296,0,0,2,0,"0|0|2|0"
"100",6.78237160028823,7.42452565385245,-7.95451345368511,-0.983235215298025,0,0,-1,0,"0|0|-1|0"
"101",4.06924533377602,4.93704122906857,-4.68531992789918,0.886432780196391,0,0,0,0,"0|0|0|0"
"102",0.322288399111473,10.3752052178434,-5.29258503792613,-6.27836393951234,-1,0,0,-1,"-1|0|0|-1"
"103",9.06957332930632,10.7528847825292,3.3194973994303,-6.27836393951234,0,0,2,-1,"0|0|2|-1"
"104",8.33422691377374,3.0885184090595,-5.29902573679838,-3.15150481481796,0,-1,0,0,"0|-1|0|0"
"105",11.3855635371062,2.17399710506405,-7.00393352578637,-4.05277740364672,1,-1,0,0,"1|-1|0|0"
"106",10.049736977053,9.79743417610393,-2.44787701764059,-5.19422913975237,0,0,0,-1,"0|0|0|-1"
"107",8.35058980301247,8.19156560008465,0.63776190615609,-5.13691220340669,0,0,1,-1,"0|0|1|-1"
"108",-2.52920841668811,10.0753939485434,-3.17318153258702,1.62616179170748,-2,0,0,1,"-2|0|0|1"
"109",5.50001816610469,4.674891477694,-9.67887824014672,-0.35149373676745,0,0,-1,0,"0|0|-1|0"
"110",-5.09859361038104,8.07020787234679,-5.97216086335218,-1.29734053955114,-2,0,0,0,"-2|0|0|0"
"111",5.6440019852746,5.60316778180537,-2.35238505863511,0.732641062992518,0,0,0,0,"0|0|0|0"
"112",8.49310661942688,7.41085714918356,-1.52851499417415,-2.96089074377296,0,0,0,0,"0|0|0|0"
"113",9.42194398529254,3.42791741504909,-5.99094939359354,-4.05277740364672,0,-1,0,0,"0|-1|0|0"
"114",6.40971126673222,4.92644515268766,3.2083555227821,-6.27836393951234,0,0,2,-1,"0|0|2|-1"
"115",7.00521316955501,9.72942682030233,-9.04564020908834,-4.04502554353292,0,0,-1,0,"0|0|-1|0"
"116",1.11297532260092,8.19221587753844,-1.93868419249314,-2.96089074377296,-1,0,0,0,"-1|0|0|0"
"117",5.30217434844986,7.1135213464747,1.74883089911997,-5.13691220340669,0,0,1,-1,"0|0|1|-1"
"118",11.1128261166781,4.77563201851805,-9.71319104352442,-4.05277740364672,1,0,-1,0,"1|0|-1|0"
"119",6.71725539164278,7.27125487939933,-3.23105363774569,-4.04502554353292,0,0,0,0,"0|0|0|0"
"120",12.8583852182813,7.60241149616399,-8.27272732501709,-5.19422913975237,1,0,-1,-1,"1|0|-1|-1"
"121",9.22744471705136,2.38431692320263,-3.09918673977482,-2.43879227565679,0,-1,0,0,"0|-1|0|0"
"122",9.79648421318414,3.35061987619791,1.39920970467462,-4.41644780413172,0,-1,1,0,"0|-1|1|0"
"123",9.07565564604973,2.42419814076907,-3.59150824442832,-6.27836393951234,0,-1,0,-1,"0|-1|0|-1"
"124",2.51862920281288,5.76148350298308,-3.72542139380514,-3.33231300437175,0,0,0,0,"0|0|0|0"
"125",6.99384037210424,10.5834662317343,-4.40078343007124,2.87725653822754,0,0,0,1,"0|0|0|1"
"126",9.96590558486562,9.95682949253406,-5.67321305137633,-4.05277740364672,0,0,0,0,"0|0|0|0"
"127",6.27470052099514,16.8474032462977,-12.2602021929718,-6.27836393951234,0,2,-2,-1,"0|2|-2|-1"
"128",4.93350375145069,6.35486222441278,-7.99309332592145,-2.96089074377296,0,0,-1,0,"0|0|-1|0"
"129",8.37242842165143,6.28523936458333,1.12956669057441,-6.27836393951234,0,0,1,-1,"0|0|1|-1"
"130",4.59629140918947,4.95303835611801,-2.07786627177459,-4.05277740364672,0,0,0,0,"0|0|0|0"
"131",9.13563969839391,2.88601037510274,-1.87054688617728,0.988323930497003,0,-1,0,0,"0|-1|0|0"
"132",0.526211446076663,5.20906477558059,-7.74848279165258,1.26327141023761,-1,0,-1,1,"-1|0|-1|1"
"133",7.2600407089101,7.35716463373546,-5.54515069019907,-4.05277740364672,0,0,0,0,"0|0|0|0"
"134",9.60678546751348,11.1426665953957,-5.23158081337407,0.878680920082594,0,0,0,0,"0|0|0|0"
"135",6.11296685568816,7.17381935707857,-2.58538915555394,4.85491206670247,0,0,0,2,"0|0|0|2"
"136",4.63677709325586,3.7552782356617,-5.44606644095383,-0.816275268537935,0,-1,0,0,"0|-1|0|0"
"137",-0.715065833017829,10.1345314730641,-3.44021715764212,2.96597945897193,-1,0,0,1,"-1|0|0|1"
"138",9.99157676067303,4.73244362126106,1.11351193235505,-2.06737001505799,0,0,1,0,"0|0|1|0"
"139",5.58583265750718,9.25000344341276,3.61817464105949,-2.43879227565679,0,0,2,0,"0|0|2|0"
"140",6.68507614541572,2.7715500725182,-8.15857248027664,3.8595001876869,0,-1,-1,1,"0|-1|-1|1"
"141",1.56402934731319,8.15407156695107,-3.16628084468702,-4.05277740364672,-1,0,0,0,"-1|0|0|0"
"142",0.333990656033456,11.8324365425902,-5.09913070302728,2.81993960188186,-1,0,0,1,"-1|0|0|1"
"143",7.08897826391438,7.52546652945703,-2.44787701764059,-1.81943900766731,0,0,0,0,"0|0|0|0"
"144",9.29294021345387,11.8130252291288,-8.5770209385251,-2.43879227565679,0,0,-1,0,"0|0|-1|0"
"145",8.54323142194171,4.75871224127869,-6.3983958199156,3.96139133798751,0,0,0,1,"0|0|0|1"
"146",8.24778202886285,10.5232505482457,-0.83567339357156,-2.06737001505799,0,0,0,0,"0|0|0|0"
"147",3.13594009898407,7.37828607285318,-10.3686190105778,-2.06737001505799,0,0,-1,0,"0|0|-1|0"
"148",1.51529616913692,12.2154230173916,2.95949341692617,3.6864438582469,-1,1,2,1,"-1|1|2|1"
"149",14.1562993418522,17.8600739788664,-6.86997601107431,-6.27836393951234,2,2,0,-1,"2|2|0|-1"
"150",1.52907489709359,6.03759265725925,-2.90725244663497,-5.55789954023737,-1,0,0,-1,"-1|0|0|-1"
"151",5.79144781505441,3.49920021355896,-7.17984368867341,-6.27836393951234,0,-1,-1,-1,"0|-1|-1|-1"
"152",9.38914259393847,9.2786499698045,3.17874237213268,-6.27836393951234,0,0,2,-1,"0|0|2|-1"
"153",2.8927038194082,10.9215366348254,-7.64979475726039,-2.91132566754107,0,0,-1,0,"0|0|-1|0"
"154",1.87838572764388,14.1535572540762,-5.79325471580804,4.85491206670247,-1,1,0,2,"-1|1|0|2"
"155",7.14180026199394,9.86991875221778,-5.96013384990527,-3.33231300437175,0,0,0,0,"0|0|0|0"
"156",12.2433232776876,12.6757002088292,-9.59388106384778,-1.07195813604242,1,1,-1,0,"1|1|-1|0"
"157",3.35434293519082,6.85753262862518,-5.52846648976223,5.57537646597744,0,0,0,2,"0|0|0|2"
"158",9.19291525679599,1.60604509398859,-10.4265653801411,-2.43879227565679,0,-1,-1,0,"0|-1|-1|0"
"159",7.06292032967679,4.71338457231459,2.83834928373594,-2.24042634449799,0,0,2,0,"0|0|2|0"
"160",13.5763156038895,12.9396700346452,-2.94645392239494,-5.19422913975237,1,1,0,-1,"1|1|0|-1"
"161",3.99210063266265,10.7089362490865,-3.85144760689619,-2.06737001505799,0,0,0,0,"0|0|0|0"
"162",10.0549473373899,9.59691687479731,-7.39897150619337,-2.96089074377296,0,0,-1,0,"0|0|-1|0"
"163",10.1162749858627,3.3868718620093,-3.61415703227927,-5.13691220340669,0,-1,0,-1,"0|-1|0|-1"
"164",6.17333116225351,5.72088969105021,-5.34061909868827,-2.24042634449799,0,0,0,0,"0|0|0|0"
"165",9.15928939867996,2.61901612248315,-10.0076918389759,-3.33231300437175,0,-1,-1,0,"0|-1|-1|0"
"166",4.63347339814823,5.98258109584108,0.433471832891882,-4.30070841103741,0,0,1,0,"0|0|1|0"
"167",2.86476379654423,5.71321688240366,-5.57771974517973,5.57537646597744,0,0,0,2,"0|0|0|2"
"168",8.23548184825489,4.93133885387465,-4.08250634121646,-5.13691220340669,0,0,0,-1,"0|0|0|-1"
"169",9.61559877210258,0.529764756611954,-3.19554842211467,-4.05277740364672,0,-1,0,0,"0|-1|0|0"
"170",7.85682578741617,6.42558128675408,-1.86869699714343,0.878680920082594,0,0,0,0,"0|0|0|0"
"171",5.53549835493538,10.5082199058098,-5.9827812905651,-3.04961366451735,0,0,0,0,"0|0|0|0"
"172",8.24958398452623,3.97985215991936,-6.51022324650744,-0.35149373676745,0,-1,0,0,"0|-1|0|0"
"173",5.81523071116382,10.3864495555995,-3.34712140722417,-3.33231300437175,0,0,0,0,"0|0|0|0"
"174",6.33040585744749,15.1869889573503,-8.94170161837918,-1.07195813604242,0,1,-1,0,"0|1|-1|0"
"175",10.5295248987955,-0.487616419153159,-4.85142401765202,-5.19422913975237,1,-2,0,-1,"1|-2|0|-1"
"176",10.3158645030724,1.68287410618615,-9.67072721982966,-3.33231300437175,1,-1,-1,0,"1|-1|-1|0"
"177",3.69480905438058,5.78800364319754,-3.64289959858958,-6.27836393951234,0,0,0,-1,"0|0|0|-1"
"178",0.79935444043339,3.904722852578,-9.56831749021281,0.988323930497003,-1,-1,-1,0,"-1|-1|-1|0"
"179",4.51033530265717,5.37138768273952,-7.77772697498225,-6.27836393951234,0,0,-1,-1,"0|0|-1|-1"
"180",8.83077221606298,7.27180556634907,-5.85322465756598,-2.06737001505799,0,0,0,0,"0|0|0|0"
"181",9.30226527547354,14.4504756691284,-1.03809361655669,-0.824027128651731,0,1,0,0,"0|1|0|0"
"182",-4.8412042182961,11.6014660004899,-4.17612710275174,3.8595001876869,-2,0,0,1,"-2|0|0|1"
"183",6.96224525627843,9.57165378308898,5.91852365372639,-6.27836393951234,0,0,2,-1,"0|0|2|-1"
"184",9.60390798825278,16.6091915820639,-7.59433425901041,-5.13691220340669,0,2,-1,-1,"0|2|-1|-1"
"185",0.426369714261736,4.94339458947469,-8.06552833863581,-0.925918278952343,-1,0,-1,0,"-1|0|-1|0"
"186",5.53405415207089,7.20741314841216,0.521717530775586,1.59914531935756,0,0,1,1,"0|0|1|1"
"187",7.27324051158581,5.41915781839178,-5.40326692554659,-4.04502554353292,0,0,0,0,"0|0|0|0"
"188",8.11840734541395,4.31571036285136,-3.07126641479631,-4.05277740364672,0,-1,0,0,"0|-1|0|0"
"189",10.8756304827067,8.13757226012775,1.55334115460542,-0.35149373676745,1,0,1,0,"1|0|1|0"
"190",5.87917102601674,5.21881733408791,2.07891117460705,-2.96089074377296,0,0,1,0,"0|0|1|0"
"191",6.82534582800112,2.4536217615064,-7.07061473676324,-2.06737001505799,0,-1,0,0,"0|-1|0|0"
"192",8.49470175317794,5.95293428507447,-6.07774958564437,-2.96089074377296,0,0,0,0,"0|0|0|0"
"193",10.3757009780531,13.2333412816182,-10.1981520930606,-6.27836393951234,1,1,-1,-1,"1|1|-1|-1"
"194",10.1357697492481,6.36565032607404,-1.65084110157174,-4.05277740364672,0,0,0,0,"0|0|0|0"
"195",5.15693948086279,9.619627639483,1.929670114466,-0.0148398086323687,0,0,1,0,"0|0|1|0"
"196",9.14034478593781,13.2841491104263,-5.52042087161147,-0.35149373676745,0,1,0,0,"0|1|0|0"
"197",8.75826125824661,9.04054562225177,-7.47197093116482,-2.96089074377296,0,0,-1,0,"0|0|-1|0"
"198",8.46162362033426,9.93971067376773,0.0784946464353151,1.161380259937,0,0,1,1,"0|0|1|1"
"199",4.39966351772389,4.39935682996845,-0.377180676865611,-4.05277740364672,0,0,1,0,"0|0|1|0"
"200",8.45132036307473,10.1975667865032,-5.44978752745787,-2.07512187517179,0,0,0,0,"0|0|0|0"
"201",9.50001911005226,4.45213508226815,-5.6569156377386,-4.05277740364672,0,0,0,0,"0|0|0|0"
"202",8.67390433331514,4.0452562845963,-5.27499473110287,-3.04961366451735,0,-1,0,0,"0|-1|0|0"
"203",12.7551892421562,9.5964353765868,-0.593686441243704,-5.19422913975237,1,0,0,-1,"1|0|0|-1"
"204",4.53434913951646,5.63915276010091,-5.63207201993646,5.57537646597744,0,0,0,2,"0|0|0|2"
"205",-3.36641668494494,9.0877415316854,-3.80844303656386,-0.205453879677374,-2,0,0,0,"-2|0|0|0"
"206",0.386253764801136,8.33290399986318,-4.08551722364708,-0.35149373676745,-1,0,0,0,"-1|0|0|0"
"207",3.72564341528536,7.66719815898942,1.49366603369486,-2.96089074377296,0,0,1,0,"0|0|1|0"
"208",7.64813096906172,9.96940862078397,-2.05897233936694,-2.24042634449799,0,0,0,0,"0|0|0|0"
"209",7.59599097071,3.09626891546218,-2.46610906572411,-4.30070841103741,0,-1,0,0,"0|-1|0|0"
"210",5.50724899492632,6.17300967854039,-9.19026563301589,3.6864438582469,0,0,-1,1,"0|0|-1|1"
"211",9.70942832635148,-2.5612585813517,-11.6473075785226,-2.06737001505799,0,-2,-2,0,"0|-2|-2|0"
"212",0.0921623828399422,13.3772406520279,-6.69574187224166,-3.10693060086303,-1,1,0,0,"-1|1|0|0"
"213",4.7250478893063,7.68268345729022,-1.1826023103413,-4.41644780413172,0,0,0,0,"0|0|0|0"
"214",8.23249626945459,3.36733756753061,0.368289692436748,-4.05277740364672,0,-1,1,0,"0|-1|1|0"
"215",10.4109086769003,14.2697244597908,-3.59210645385398,-4.04502554353292,1,1,0,0,"1|1|0|0"
"216",8.05320729967465,9.83955121752283,-5.73931629526761,-4.05277740364672,0,0,0,0,"0|0|0|0"
"217",11.8526012646103,14.3601861382529,-1.79428320410082,-4.05277740364672,1,1,0,0,"1|1|0|0"
"218",8.57400423229553,9.03542138485665,-0.913648744283952,0.0694936000632309,0,0,0,0,"0|0|0|0"
"219",7.54324753208938,7.63885139344824,-3.70594498749207,3.96139133798751,0,0,0,1,"0|0|0|1"
"220",7.83365669753221,4.46606694078458,0.083667321458526,-3.58024401176244,0,0,1,0,"0|0|1|0"
"221",8.23109396928304,5.53444238567449,-2.38961874451857,-0.925918278952343,0,0,0,0,"0|0|0|0"
"222",6.90978187502271,8.01590762681709,-5.02344582153703,1.59914531935756,0,0,0,1,"0|0|0|1"
"223",13.0400442061731,7.57516924461078,-9.39444714448508,-4.41644780413172,1,0,-1,0,"1|0|-1|0"
"224",4.91823418945651,5.19671764940433,-4.71897525449636,-6.27836393951234,0,0,0,-1,"0|0|0|-1"
"225",8.12843667107798,2.40386232869483,-5.41733961016376,-5.19422913975237,0,-1,0,-1,"0|-1|0|-1"
"226",2.8125426459184,9.73958790683761,-7.09813676122707,-3.33231300437175,0,0,0,0,"0|0|0|0"
"227",8.31824568519098,16.0723396521289,-6.03399569119371,-6.27836393951234,0,2,0,-1,"0|2|0|-1"
"228",6.47310530643966,7.85661138206939,-4.71778358071354,-2.96089074377296,0,0,0,0,"0|0|0|0"
"229",4.85735743761661,9.9422384621322,-4.98804494197604,-5.13691220340669,0,0,0,-1,"0|0|0|-1"
"230",8.7659469735712,8.61516128874859,-5.54480061015746,-4.4737647404774,0,0,0,0,"0|0|0|0"
"231",9.24433966486394,3.28696796411886,-2.27063640392093,-2.96089074377296,0,-1,0,0,"0|-1|0|0"
"232",11.4463115456856,9.64035788339044,-4.63454420786197,1.87409279909817,1,0,0,1,"1|0|0|1"
"233",8.35583262116228,9.26145897876249,-4.77193386089766,-3.15925667493176,0,0,0,0,"0|0|0|0"
"234",7.50099347312828,8.55276677159787,-0.363873783141853,2.96597945897193,0,0,1,1,"0|0|1|1"
"235",1.04495194456736,9.48099695907319,4.71330572848118,-1.07195813604242,-1,0,2,0,"-1|0|2|0"
"236",3.38280634025735,7.92519840081163,-1.69390554797955,-5.55789954023737,0,0,0,-1,"0|0|0|-1"
"237",5.28318480311474,14.9278381713265,-10.0812731291321,-2.96089074377296,0,1,-1,0,"0|1|-1|0"
"238",10.8402597542466,6.68520929201084,-1.35088634149438,-0.824027128651731,1,0,0,0,"1|0|0|0"
"239",8.38832674923066,17.8600739788664,-7.25590096863366,-2.06737001505799,0,2,-1,0,"0|2|-1|0"
"240",5.71739099175176,4.24416610236408,-5.82558014822448,0.988323930497003,0,-1,0,0,"0|-1|0|0"
"241",7.02575751178241,7.3720201961294,-6.96591537142488,-5.55789954023737,0,0,0,-1,"0|0|0|-1"
"242",5.56664249169156,7.7471937041512,-2.43912778789786,-3.33231300437175,0,0,0,0,"0|0|0|0"
"243",12.3725731764472,8.76170826938617,2.73672536978824,-4.05277740364672,1,0,1,0,"1|0|1|0"
"244",5.48799103918947,9.28485287841839,-0.069213458856124,-1.26257220708743,0,0,1,0,"0|0|1|0"
"245",3.02005527109777,6.21282198716518,-5.43546040207003,-0.925918278952343,0,0,0,0,"0|0|0|0"
"246",0.7066303447292,10.3280326221861,-4.57116508315873,-3.33231300437175,-1,0,0,0,"-1|0|0|0"
"247",0.752709176237396,11.0803914774491,-0.350696608515104,1.88184465921197,-1,0,1,1,"-1|0|1|1"
"248",1.21900596580243,7.81795456349433,-0.970450183596456,1.98373580951258,-1,0,0,1,"-1|0|0|1"
"249",11.4620192145713,8.44148060047069,-2.72181333059568,-3.09917874074923,1,0,0,0,"1|0|0|0"
"250",1.20127307366982,10.0559326130967,0.530334804625318,-1.18769752913673,-1,0,1,0,"-1|0|1|0"
"251",7.69397086293506,3.40441191068153,-4.27278033624884,-5.13691220340669,0,-1,0,-1,"0|-1|0|-1"
"252",8.96638638769041,6.82612120742826,-0.936194843006843,3.24092693871254,0,0,0,1,"0|0|0|1"
"253",7.48177616345567,10.3577787821805,-7.74158136528208,1.87409279909817,0,0,-1,1,"0|0|-1|1"
"254",9.94534874708136,13.8745196637164,-3.03522514116617,-2.06737001505799,0,1,0,0,"0|1|0|0"
"255",4.74673762980712,10.3588703636177,-3.01332004523305,-1.09897460839234,0,0,0,0,"0|0|0|0"
"256",9.86540510662904,6.33604805560041,-3.60046617418602,-4.05277740364672,0,0,0,0,"0|0|0|0"
"257",6.36405852176462,12.0104014449176,3.70863214543967,-5.13691220340669,0,1,2,-1,"0|1|2|-1"
"258",11.3291922089697,8.30644522494039,-5.08353824817264,1.1536283998232,1,0,0,1,"1|0|0|1"
"259",9.03960399425853,6.5749276064199,-3.06077163208977,-4.05277740364672,0,0,0,0,"0|0|0|0"
"260",2.04377490861054,7.27948828714911,-7.18938262261118,-2.90357380742727,-1,0,-1,0,"-1|0|-1|0"
"261",1.9417317586277,10.4611731394639,-0.297299321522412,4.85491206670247,-1,0,1,2,"-1|0|1|2"
"262",10.462600899889,0.245105949956423,-6.40598071056812,-4.41644780413172,1,-2,0,0,"1|-2|0|0"
"263",-3.14547126007575,15.9986138317184,-1.63408663375497,-4.05277740364672,-2,2,0,0,"-2|2|0|0"
"264",10.8095884833693,9.32600668286366,-1.12347475722513,-3.58024401176244,1,0,0,0,"1|0|0|0"
"265",9.98727734878676,12.8202780697463,-0.210684041332818,-4.05277740364672,0,1,1,0,"0|1|1|0"
"266",3.77369688098358,10.9844717128087,-4.38153807043086,-4.04502554353292,0,0,0,0,"0|0|0|0"
"267",2.84741721718539,8.28803167493294,-3.06449271859382,3.6864438582469,0,0,0,1,"0|0|0|1"
"268",5.24809329750904,13.6994650437506,1.63681721347577,-3.33231300437175,0,1,1,0,"0|1|1|0"
"269",7.23291938333725,13.2245954570207,-3.99650026090427,-2.96089074377296,0,1,0,0,"0|1|0|0"
"270",7.09102740050809,6.13066434492228,-3.79412176518697,-1.9081619284117,0,0,0,0,"0|0|0|0"
"271",2.01634944424202,5.01248983204501,-4.54364171150378,-3.15925667493176,-1,0,0,0,"-1|0|0|0"
"272",6.00835095697386,7.82703569303179,2.74356724770903,-5.13691220340669,0,0,1,-1,"0|0|1|-1"
"273",13.7266897346679,15.5591174066714,-8.98913746971566,-5.19422913975237,1,1,-1,-1,"1|1|-1|-1"
"274",3.90743161170548,7.41402325034617,-2.74430196653049,2.34740620999758,0,0,0,1,"0|0|0|1"
"275",3.95076312831906,12.8012324734036,-2.92281450219841,0.267859531222033,0,1,0,0,"0|1|0|0"
"276",12.2733062630384,15.6484875036963,-9.74169919351399,1.73580480212189,1,1,-1,1,"1|1|-1|1"
"277",5.85375569005884,7.68004525739467,-2.3473555682053,-5.13691220340669,0,0,0,-1,"0|0|0|-1"
"278",7.71938285814841,6.67158203948854,-6.08637317088071,-2.96089074377296,0,0,0,0,"0|0|0|0"
"279",5.62805538217687,3.60006369300814,-0.978040319539307,-3.58024401176244,0,-1,0,0,"0|-1|0|0"
"280",-4.00991713097129,11.8414890334594,-1.81626887582515,4.85491206670247,-2,0,0,2,"-2|0|0|2"
"281",0.85974319806026,7.99695771805417,-5.5785152041095,0.988323930497003,-1,0,0,0,"-1|0|0|0"
"282",2.42934545918211,5.16520404038323,-2.58438255901278,-2.24042634449799,-1,0,0,0,"-1|0|0|0"
"283",4.80165221772535,5.18584419960407,-0.00623759886305486,-0.205453879677374,0,0,1,0,"0|0|1|0"
"284",4.89906144694419,2.80567586411637,-5.68651920662958,-3.15925667493176,0,-1,0,0,"0|-1|0|0"
"285",0.580118752989837,15.2678887497975,-6.77093931037683,4.85491206670247,-1,1,0,2,"-1|1|0|2"
"286",0.447213636978577,10.8786967695797,-4.43442849511386,-3.15150481481796,-1,0,0,0,"-1|0|0|0"
"287",5.36730090739985,4.83138568504363,-4.37330178568412,2.96597945897193,0,0,0,1,"0|0|0|1"
"288",8.97362364090455,11.5100719830679,-10.7736110270537,1.77220164879756,0,0,-2,1,"0|0|-2|1"
"289",1.53655888163117,11.1323559150683,-3.64487123403059,-2.43879227565679,-1,0,0,0,"-1|0|0|0"
"290",7.29030574761029,3.73964507006086,-6.83915798302315,-4.05277740364672,0,-1,0,0,"0|-1|0|0"
"291",7.71414342495396,10.2085720602533,-2.54828721089861,-2.32914926524238,0,0,0,0,"0|0|0|0"
"292",7.249664962724,17.8600739788664,-3.43729125854632,-0.925918278952343,0,2,0,0,"0|2|0|0"
"293",11.0194987846839,5.00100286709308,-3.44196136341482,0.0694936000632309,1,0,0,0,"1|0|0|0"
"294",9.58354654728936,11.7659776991663,-6.21437491751199,-6.27836393951234,0,0,0,-1,"0|0|0|-1"
"295",5.08018023169941,7.04464421193054,-4.68394260378461,1.87409279909817,0,0,0,1,"0|0|0|1"
"296",9.37252273611125,-0.347692659840617,-7.66340926528741,-3.32456114425795,0,-2,-1,0,"0|-2|-1|0"
"297",5.78733238527444,7.84732897028323,0.358208664670284,-2.06737001505799,0,0,1,0,"0|0|1|0"
"298",3.08014567095748,6.6361787840051,-5.95351371313746,1.87409279909817,0,0,0,1,"0|0|0|1"
"299",10.1540760110754,5.32329638350926,-9.82872247390893,-2.90357380742727,0,0,-1,0,"0|0|-1|0"
"300",2.44244045770971,8.41329735362152,-5.03922453544403,1.87409279909817,-1,0,0,1,"-1|0|0|1"
"301",5.1766228008102,9.74732795346209,-1.12347475722513,-0.103562729376762,0,0,0,0,"0|0|0|0"
"302",7.04168522546272,8.66664766008219,-2.24567210580789,0.0694936000632309,0,0,0,0,"0|0|0|0"
"303",9.01145231681785,3.52092878894946,-3.71841636983511,-5.19422913975237,0,-1,0,-1,"0|-1|0|-1"
"304",7.4707179176228,9.69490812639,2.00828664978678,-1.24501446548241,0,0,1,0,"0|0|1|0"
"305",6.1061875312797,3.36578196139926,-4.98615467286548,3.13903578841193,0,-1,0,1,"0|-1|0|1"
"306",-2.08063549225502,10.0134373967794,-6.34416394437492,-1.34690561578302,-2,0,0,0,"-2|0|0|0"
"307",10.7356762533338,2.8921649172233,1.37698686074512,-5.13691220340669,1,-1,1,-1,"1|-1|1|-1"
"308",-2.2609744393112,11.9971424453774,-6.50018394600881,4.1344476674275,-2,1,0,2,"-2|1|0|2"
"309",11.3341602326345,1.59501909580732,-2.46114279281712,-4.05277740364672,1,-1,0,0,"1|-1|0|0"
"310",0.842292598717829,8.08502997497991,-8.2664091110225,-6.27836393951234,-1,0,-1,-1,"-1|0|-1|-1"
"311",4.98019849048037,4.39035005225489,-6.92396449272612,5.57537646597744,0,0,0,2,"0|0|0|2"
"312",7.70206655203499,9.64736189908323,1.58844941691288,-4.24339147469173,0,0,1,0,"0|0|1|0"
"313",10.4088971226429,11.5206283035801,-7.86035059832113,-3.33231300437175,1,0,-1,0,"1|0|-1|0"
"314",3.00367935094622,13.1953553264303,-2.62154671598682,3.6864438582469,0,1,0,1,"0|1|0|1"
"315",5.86484906672089,8.47536492833682,-3.7841645694893,-4.04502554353292,0,0,0,0,"0|0|0|0"
"316",11.6272428912386,9.35449073571507,-6.45846809924126,-4.05277740364672,1,0,0,0,"1|0|0|0"
"317",6.84871189147011,4.82739111767561,-4.63044190355462,-4.04502554353292,0,0,0,0,"0|0|0|0"
"318",6.30974758792464,7.62222488965807,-5.19701938039048,5.57537646597744,0,0,0,2,"0|0|0|2"
"319",8.10612903980416,5.73481501204004,-0.719669398267772,-4.4737647404774,0,0,0,0,"0|0|0|0"
"320",6.46739235148548,8.46554725900635,-1.27688054865711,-0.35149373676745,0,0,0,0,"0|0|0|0"
"321",0.92043481567584,10.1968530652115,4.61093439001205,3.8595001876869,-1,0,2,1,"-1|0|2|1"
"322",8.54367926111807,2.87725492023087,-2.83416576830485,-2.96089074377296,0,-1,0,0,"0|-1|0|0"
"323",8.02459255588075,4.32790013936554,-4.68854064784236,-2.96089074377296,0,0,0,0,"0|0|0|0"
"324",-3.25649508424434,16.0805798723676,-0.128450878112257,5.57537646597744,-2,2,1,2,"-2|2|1|2"
"325",4.77869145581773,15.7534914422056,-7.16193012705677,-3.32456114425795,0,1,0,0,"0|1|0|0"
"326",7.00509299215365,12.1426136983765,-1.61718503650406,-3.33231300437175,0,1,0,0,"0|1|0|0"
"327",-3.34168583542861,11.5988077200194,-4.1568974786316,-2.07512187517179,-2,0,0,0,"-2|0|0|0"
"328",5.946193213632,10.3211640041602,-4.43668091038736,-0.378510209117368,0,0,0,0,"0|0|0|0"
"329",7.99630207523056,4.18424117793784,-1.84360598842774,-0.262770816023056,0,-1,0,0,"0|-1|0|0"
"330",8.905405143299,4.09428761856855,-4.72547838035219,-1.35465747589682,0,-1,0,0,"0|-1|0|0"
"331",2.73898083017473,5.58749537813009,-1.86869699714343,-1.09897460839234,0,0,0,0,"0|0|0|0"
"332",3.22096892810327,16.0504963130821,-5.29258503792613,1.88184465921197,0,2,0,1,"0|2|0|1"
"333",1.95588499692395,5.23124253170502,-9.04721083097643,2.76761352781313,-1,0,-1,1,"-1|0|-1|1"
"334",3.63196710470072,6.90266798251699,1.12400671506159,-1.34690561578302,0,0,1,0,"0|0|1|0"
"335",3.59857439009888,8.0164055429443,-1.64094559438713,-2.96089074377296,0,0,0,0,"0|0|0|0"
"336",4.97728835004848,10.2242799738746,-6.11223100871118,-3.58024401176244,0,0,0,0,"0|0|0|0"
"337",3.64593459227166,4.2018451433041,-4.11975576262017,0.267859531222033,0,-1,0,0,"0|-1|0|0"
"338",6.43394358991822,7.90223605559422,-1.87744757407728,0.0694936000632309,0,0,0,0,"0|0|0|0"
"339",6.71224494276275,9.33442574710733,-3.24173333231347,-0.205453879677374,0,0,0,0,"0|0|0|0"
"340",3.98529920231973,9.77614919791339,3.0617748076544,-1.34690561578302,0,0,2,0,"0|0|2|0"
"341",9.81702533773564,8.80290884326187,-3.19228175172226,-5.19422913975237,0,0,0,-1,"0|0|0|-1"
"342",0.458203623947463,5.86941596629665,-4.74771782080667,-3.15925667493176,-1,0,0,0,"-1|0|0|0"
"343",9.79342345868592,10.1356411145758,-10.7910533709422,-2.07512187517179,0,0,-2,0,"0|0|-2|0"
"344",8.94227122621653,13.4461248001337,-5.90306804546663,-0.983235215298025,0,1,0,0,"0|1|0|0"
"345",7.49595625676866,4.08721112860443,-2.62883871786428,-2.06737001505799,0,-1,0,0,"0|-1|0|0"
"346",7.01995214355962,6.42478946470577,-6.19260804197679,-0.983235215298025,0,0,0,0,"0|0|0|0"
"347",3.33097286623426,14.7918075823367,-3.31731173596783,-2.96089074377296,0,1,0,0,"0|1|0|0"
"348",7.80556281052954,0.520413841174043,-9.22817253120012,-6.27836393951234,0,-1,-1,-1,"0|-1|-1|-1"
"349",6.7957354053864,5.94221726618055,-4.21495510437213,-3.15925667493176,0,0,0,0,"0|0|0|0"
"350",8.28824111042946,6.78441176609873,3.33021041245154,-0.925918278952343,0,0,2,0,"0|0|2|0"
"351",7.63797287293078,6.17461745536162,-2.69076539304361,-6.27836393951234,0,0,0,-1,"0|0|0|-1"
"352",10.9643568524013,8.60505967704284,-5.58826335707995,-2.90357380742727,1,0,0,0,"1|0|0|0"
"353",2.71413078493787,8.74489424577047,0.445740032031808,-5.13691220340669,0,0,1,-1,"0|0|1|-1"
"354",9.12846493954702,7.510379185914,-3.42847249989418,-1.34690561578302,0,0,0,0,"0|0|0|0"
"355",3.40223196027074,2.61875701021099,-5.96733262902448,-4.05277740364672,0,-1,0,0,"0|-1|0|0"
"356",8.37470099088154,2.34589706219187,-6.32608120641728,-1.07195813604242,0,-1,0,0,"0|-1|0|0"
"357",8.68572793087936,11.3720112039169,-4.27880679399464,-5.55789954023737,0,0,0,-1,"0|0|0|-1"
"358",-1.6032119219318,10.0110630599608,-1.12347475722513,4.85491206670247,-2,0,0,2,"-2|0|0|2"
"359",6.5614661789256,3.64360604094226,-2.9917011326326,-6.27836393951234,0,-1,0,-1,"0|-1|0|-1"
"360",10.139477762492,8.50028020607925,-8.14982325053391,-6.27836393951234,0,0,-1,-1,"0|0|-1|-1"
"361",8.66487331595447,4.08396762235341,-1.76688682414337,-5.13691220340669,0,-1,0,-1,"0|-1|0|-1"
"362",4.1155814252734,4.48616459290858,-4.52992045411934,1.161380259937,0,0,0,1,"0|0|0|1"
"363",10.3614334098281,4.05932263135824,-4.71897525449636,0.7899579993382,1,-1,0,0,"1|-1|0|0"
"364",5.71170879915024,15.4328363159889,-1.16041656432558,-5.55789954023737,0,1,0,-1,"0|1|0|-1"
"365",10.6143046713708,12.6295186448459,-6.99888198844971,-4.05277740364672,1,1,0,0,"1|1|0|0"
"366",9.23060264338238,11.9609606717224,-1.09591884843341,0.878680920082594,0,0,0,0,"0|0|0|0"
"367",5.48154255305003,5.75379384407776,-2.32869402966145,-4.05277740364672,0,0,0,0,"0|0|0|0"
"368",13.3287608888136,12.1682091156644,-7.51103071792839,-3.58024401176244,1,1,-1,0,"1|1|-1|0"
"369",10.7933909075861,13.1071902603824,1.35731201064441,-0.35149373676745,1,1,1,0,"1|1|1|0"
"370",13.0423665731542,13.6281564984326,-6.97225874899365,-4.30070841103741,1,1,0,0,"1|1|0|0"
"371",5.51277316377234,8.60333949470615,-3.62117885786582,0.0694936000632309,0,0,0,0,"0|0|0|0"
"372",0.295857059343513,17.3838221718675,-8.65217285056944,-3.15150481481796,-1,2,-1,0,"-1|2|-1|0"
"373",3.35462807615279,8.8939110616374,-4.1072854463734,3.6864438582469,0,0,0,1,"0|0|0|1"
"374",6.44625629108779,3.84710178351868,-3.34102615903946,-1.07195813604242,0,-1,0,0,"0|-1|0|0"
"375",8.83281573941091,11.751210903025,-6.59545281667019,-0.35149373676745,0,0,0,0,"0|0|0|0"
"376",5.18397639509615,10.8998959275396,-4.54183011858753,-2.43879227565679,0,0,0,0,"0|0|0|0"
"377",7.86877523906729,13.0304899649377,-0.922431858354562,0.878680920082594,0,1,0,0,"0|1|0|0"
"378",9.31638737202613,4.22482251635377,-1.5728500153391,0.0694936000632309,0,-1,0,0,"0|-1|0|0"
"379",8.91011548471361,15.0750583837991,-2.30008392901433,-1.71832787638182,0,1,0,0,"0|1|0|0"
"380",9.44788118889016,7.35699746808949,-1.08292324954779,-2.32305288256248,0,0,0,0,"0|0|0|0"
"381",1.59074581360358,8.14472150412798,-2.94554077728737,-0.205453879677374,-1,0,0,0,"-1|0|0|0"
"382",9.03845155159366,8.06854975527028,-7.59805534551446,1.97056757995636,0,0,-1,1,"0|0|-1|1"
"383",10.7474915471018,3.95783593472394,-1.2746220506973,-4.05277740364672,1,-1,0,0,"1|-1|0|0"
"384",5.76893600147047,7.67200773757394,-5.1433558152061,2.96597945897193,0,0,0,1,"0|0|0|1"
"385",2.68062431591683,5.82072570601099,-3.23801224580943,-1.07195813604242,0,0,0,0,"0|0|0|0"
"386",0.586561363985256,7.13780040580492,-4.83689291300868,1.1536283998232,-1,0,0,1,"-1|0|0|1"
"387",-3.80272818587117,10.9677983231533,-4.4107374661402,5.57537646597744,-2,0,0,2,"-2|0|0|2"
"388",8.18883050347429,7.11577759782132,1.42211734083984,4.85491206670247,0,0,1,2,"0|0|1|2"
"389",-1.78602663722714,10.7899994815212,6.43638179137801,-4.04502554353292,-2,0,2,0,"-2|0|2|0"
"390",11.4132399921737,3.65056626166436,-2.15018014680241,-3.33231300437175,1,-1,0,0,"1|-1|0|0"
"391",-0.91349419542173,13.5835385243572,0.494172112213777,0.616901669898207,-1,1,1,0,"-1|1|1|0"
"392",7.85896389548326,4.55584087914062,3.14670380223504,-5.13691220340669,0,0,2,-1,"0|0|2|-1"
"393",10.5706586009047,10.3760817401867,-5.39647749382385,-5.19422913975237,1,0,0,-1,"1|0|0|-1"
"394",7.6528692410468,10.5589802520869,3.27903142770415,2.49266604807253,0,0,2,1,"0|0|2|1"
"395",10.2562736226958,11.8329316124641,-7.16623368746622,1.59914531935756,0,0,0,1,"0|0|0|1"
"396",5.81033919445246,8.26203779011702,-2.63316459670212,-1.34690561578302,0,0,0,0,"0|0|0|0"
"397",-3.35175300463193,12.5762918923925,-5.2176630353827,-0.925918278952343,-2,1,0,0,"-2|1|0|0"
"398",6.58191232937825,5.723050784033,-3.57871503417106,-1.07195813604242,0,0,0,0,"0|0|0|0"
"399",2.78820322023411,7.97162329270521,0.947310184099633,4.85491206670247,0,0,1,2,"0|0|1|2"
"400",12.1230566901388,11.1492981069809,-1.06484051159014,-5.19422913975237,1,0,0,-1,"1|0|0|-1"
"401",8.49665409407677,4.46587325304446,0.907459223415664,-2.24042634449799,0,0,1,0,"0|0|1|0"
"402",9.38444126838299,13.8686195584385,-2.22752057741134,0.0121766637175488,0,1,0,0,"0|1|0|0"
"403",6.32451315234537,4.80198172121614,0.74940515935719,-5.55789954023737,0,0,1,-1,"0|0|1|-1"
"404",5.57252630490665,9.43953681283528,0.660934235399023,-1.71832787638182,0,0,1,0,"0|0|1|0"
"405",7.93164735070966,1.3872099276527,-4.76893978008356,-4.04502554353292,0,-1,0,0,"0|-1|0|0"
"406",3.95480981391333,10.9898507608504,5.74670920266524,1.77220164879756,0,0,2,1,"0|0|2|1"
"407",9.39418996301977,11.6756402061091,-8.03296002212566,-3.33231300437175,0,0,-1,0,"0|0|-1|0"
"408",5.59685694173869,7.6962032741046,-5.36616693680299,-2.06737001505799,0,0,0,0,"0|0|0|0"
"409",7.50079639484847,13.2269701679366,4.73924917272834,-4.05277740364672,0,1,2,0,"0|1|2|0"
"410",10.4767555923127,7.57009506957067,-5.68155293372259,-4.05277740364672,1,0,0,0,"1|0|0|0"
"411",8.73322480273992,12.5771340441405,-1.22036112305654,-4.30070841103741,0,1,0,0,"0|1|0|0"
"412",8.01558390268941,10.2849605460451,-6.01464042256719,-0.983235215298025,0,0,0,0,"0|0|0|0"
"413",5.83441604388054,7.22057374465602,-5.08407899481022,-4.05277740364672,0,0,0,0,"0|0|0|0"
"414",5.14222899410888,8.0592744341055,-2.82233478003097,-1.24501446548241,0,0,0,0,"0|0|0|0"
"415",10.7899694918841,5.63304275130181,1.61818955925981,-2.96089074377296,1,0,1,0,"1|0|1|0"
"416",4.24105574114163,4.81857618422762,-3.93392743692106,2.96597945897193,0,0,0,1,"0|0|0|1"
"417",6.52740652803336,8.1413191784552,-4.01659805607612,2.87725653822754,0,0,0,1,"0|0|0|1"
"418",7.98098875481411,14.3786743796838,-3.51704757810375,4.68185573726248,0,1,0,2,"0|1|0|2"
"419",-2.07605094900149,11.3007584412621,3.20468581637984,-3.15925667493176,-2,0,2,0,"-2|0|2|0"
"420",8.05703546338641,6.03560518091066,-7.90820605860864,-2.90357380742727,0,0,-1,0,"0|0|-1|0"
"421",9.0274761573727,5.40747480503643,2.02653443339055,-5.19422913975237,0,0,1,-1,"0|0|1|-1"
"422",6.95036648880084,11.5028862357539,-4.79388699548523,-4.05277740364672,0,0,0,0,"0|0|0|0"
"423",8.73524088199216,11.4193423295683,-3.27742345980573,-4.24339147469173,0,0,0,0,"0|0|0|0"
"424",6.17213314496292,8.55812883600888,-0.859889433662545,4.85491206670247,0,0,0,2,"0|0|0|2"
"425",12.3844624802857,4.13245875244577,4.71463483212268,-5.13691220340669,1,-1,2,-1,"1|-1|2|-1"
"426",8.59108392881334,8.51424249044397,-9.09339574117523,0.7899579993382,0,0,-1,0,"0|0|-1|0"
"427",8.68617840207369,10.3590067164239,-0.912392557855933,-4.30070841103741,0,0,0,0,"0|0|0|0"
"428",6.4843483637126,8.48725151048636,-3.7640026132326,-5.13691220340669,0,0,0,-1,"0|0|0|-1"
"429",12.052592930985,13.0531489242829,-5.06487536243767,-6.27836393951234,1,1,0,-1,"1|1|0|-1"
"430",-0.151350404706753,9.07365988012264,-2.97891306838946,-0.925918278952343,-1,0,0,0,"-1|0|0|0"
"431",10.8567034986838,9.56608644696905,-4.71897525449636,-4.05277740364672,1,0,0,0,"1|0|0|0"
"432",1.9944158023245,7.92344323268537,0.406180855100735,-4.05277740364672,-1,0,1,0,"-1|0|1|0"
"433",7.95604568112192,9.22431557210858,-8.31026660307269,-5.13691220340669,0,0,-1,-1,"0|0|-1|-1"
"434",9.55457461631974,13.4624267219032,-8.2545370042014,-6.27836393951234,0,1,-1,-1,"0|1|-1|-1"
"435",6.6104647956238,7.17903161533859,-3.5357091166476,-0.205453879677374,0,0,0,0,"0|0|0|0"
"436",1.90966406911552,9.06756388208636,-5.32555165495096,0.878680920082594,-1,0,0,0,"-1|0|0|0"
"437",7.98093410486933,11.9713431001415,-6.18325879824162,1.87409279909817,0,0,0,1,"0|0|0|1"
"438",5.26777904650223,4.74205066280659,-3.78052164548908,3.24092693871254,0,0,0,1,"0|0|0|1"
"439",9.60837156053341,10.8683266144227,-2.26200831186475,-0.824027128651731,0,0,0,0,"0|0|0|0"
"440",0.906939973040017,13.0594230731552,-0.743303573173955,-0.00708794851857164,-1,1,0,0,"-1|1|0|0"
"441",11.4144451557015,13.8574804574388,-0.644816186163255,0.534275131833716,1,1,0,0,"1|1|0|0"
"442",-0.574931961309027,9.21669725635095,-6.96277675882625,3.8595001876869,-1,0,0,1,"-1|0|0|1"
"443",3.10749639232143,6.81577906006167,-2.73740713264145,4.85491206670247,0,0,0,2,"0|0|0|2"
"444",7.29222241727865,11.4780546905972,-1.3531859580014,-1.34690561578302,0,0,0,0,"0|0|0|0"
"445",7.73635813744229,9.1022635702854,-4.54314009448443,-2.49610921200247,0,0,0,0,"0|0|0|0"
"446",2.22250222942264,10.8095501743895,0.892390432487232,1.88184465921197,-1,0,1,1,"-1|0|1|1"
"447",11.0370069872233,15.1869889573503,-3.92623129009129,-4.30070841103741,1,1,0,0,"1|1|0|0"
"448",7.17631192572272,5.27007674999854,-4.3563617972855,2.96597945897193,0,0,0,1,"0|0|0|1"
"449",8.52303462377869,8.11002104930683,-4.34145388238245,-3.33231300437175,0,0,0,0,"0|0|0|0"
"450",3.73287680906267,5.0490373420587,-0.893731019312083,-1.81943900766731,0,0,0,0,"0|0|0|0"
"451",5.57370331829509,7.46439092400983,-5.25204402047869,3.13903578841193,0,0,0,1,"0|0|0|1"
"452",4.20037947605242,7.38337312635422,-2.57755613551738,-2.24042634449799,0,0,0,0,"0|0|0|0"
"453",5.40174793961115,6.22413633682289,-3.01332992674234,0.0694936000632309,0,0,0,0,"0|0|0|0"
"454",5.47788878647325,5.18553680313381,-1.54545363538166,1.161380259937,0,0,0,1,"0|0|0|1"
"455",8.2329227955579,4.70008504086901,1.79071224890932,-1.96547886475738,0,0,1,0,"0|0|1|0"
"456",-1.10484830004082,9.70268117192292,-4.8827043490679,-3.04961366451735,-1,0,0,0,"-1|0|0|0"
"457",8.24581665954346,5.81770783074128,1.57890472824039,-3.15925667493176,0,0,1,0,"0|0|1|0"
"458",4.43468312285805,7.39217023024733,-4.82442259676192,5.57537646597744,0,0,0,2,"0|0|0|2"
"459",11.6875488441556,12.7729279394753,-4.99866671638008,1.88184465921197,1,1,0,1,"1|1|0|1"
"460",-0.416090004346351,9.27176926925549,1.27753364418012,3.8595001876869,-1,0,1,1,"-1|0|1|1"
"461",4.27672649474883,10.3106412795972,1.44323723407054,-0.925918278952343,0,0,1,0,"0|0|1|0"
"462",9.77217096938165,6.15292860280568,-0.661803047843833,-5.13691220340669,0,0,0,-1,"0|0|0|-1"
"463",9.99300931627752,12.907986346232,-0.214675698183528,-5.38484321079738,0,1,1,-1,"0|1|1|-1"
"464",10.8389403754752,15.8648160730145,-5.75548671720784,-1.86900408389919,1,2,0,0,"1|2|0|0"
"465",3.08190508677015,7.46852599381227,0.511233238298954,-0.925918278952343,0,0,1,0,"0|0|1|0"
"466",-1.84683350203532,9.05989948672636,-2.38674580139102,5.57537646597744,-2,0,0,2,"-2|0|0|2"
"467",11.8566364765568,13.6674318196079,-8.01893481951105,-6.27836393951234,1,1,-1,-1,"1|1|-1|-1"
"468",8.81271683058558,12.0502356165704,-2.70555788214866,-4.24339147469173,0,1,0,0,"0|1|0|0"
"469",11.8601705807348,5.52011538351342,-4.67969042347694,-3.15925667493176,1,0,0,0,"1|0|0|0"
"470",3.25085067127828,9.64285199351048,0.995440556173232,0.616901669898207,0,0,1,0,"0|0|1|0"
"471",10.6181383865951,5.11234450149033,2.52877969735605,0.0694936000632309,1,0,1,0,"1|0|1|0"
"472",10.8869954369284,11.0983515453623,-5.26449994839634,-6.27836393951234,1,0,0,-1,"1|0|0|-1"
"473",1.64841563853831,7.9396005313462,-2.19636505700121,-2.96089074377296,-1,0,0,0,"-1|0|0|0"
"474",-2.16522819984884,7.92049785086592,-4.70901095687284,-3.33231300437175,-2,0,0,0,"-2|0|0|0"
"475",10.0762280328115,12.1670346383368,-3.32164857198455,-6.27836393951234,0,1,0,-1,"0|1|0|-1"
"476",9.03661377865213,12.9012153714517,0.00648829068064147,-3.69598340485675,0,1,1,0,"0|1|1|0"
"477",9.66307465153087,9.21191797242748,-6.89667486212609,-5.13691220340669,0,0,0,-1,"0|0|0|-1"
"478",13.0149028940215,3.29169742392101,-1.75270873735989,-2.06737001505799,1,-1,0,0,"1|-1|0|0"
"479",10.2820722930888,14.492769268744,-11.8514890899918,-4.05277740364672,1,1,-2,0,"1|1|-2|0"
"480",1.46414389575145,8.52611154353814,-5.49747150817841,3.8595001876869,-1,0,0,1,"-1|0|0|1"
"481",10.0959425398023,8.81728287458764,-8.55698146714606,1.26327141023761,0,0,-1,1,"0|0|-1|1"
"482",1.11682230466823,9.50348970275274,-1.41485341406871,5.57537646597744,-1,0,0,2,"-1|0|0|2"
"483",11.7405032357008,3.15730397962028,-8.98052961999956,-1.35465747589682,1,-1,-1,0,"1|-1|-1|0"
"484",1.75949876325776,6.90706786243951,-1.05978897425348,-0.205453879677374,-1,0,0,0,"-1|0|0|0"
"485",12.5537224968813,2.42857748034711,-3.10968066147662,-6.27836393951234,1,-1,0,-1,"1|-1|0|-1"
"486",11.9982178819789,10.3776134174241,-6.38330498208031,-4.04502554353292,1,0,0,0,"1|0|0|0"
"487",8.08547343117487,3.55724469882883,-2.44085519205404,-0.35149373676745,0,-1,0,0,"0|-1|0|0"
"488",10.4099644022107,13.7488826509444,-3.7166708168713,-0.983235215298025,1,1,0,0,"1|1|0|0"
"489",-0.40477865037579,6.272382259116,-6.49642113223693,1.161380259937,-1,0,0,1,"-1|0|0|1"
"490",1.42595919095288,7.87359419403788,-7.16240134478492,2.96597945897193,-1,0,0,1,"-1|0|0|1"
"491",10.8245060850956,14.1707271714191,-6.08147067214841,-4.05277740364672,1,1,0,0,"1|1|0|0"
"492",5.28173103208687,3.85456354793564,-3.4690753876733,-6.27836393951234,0,-1,0,-1,"0|-1|0|-1"
"493",1.43384328026801,10.0083247620576,-3.39145192156929,-2.06737001505799,-1,0,0,0,"-1|0|0|0"
"494",7.2051600784512,8.02200150085371,-7.26664388072425,1.87409279909817,0,0,-1,1,"0|0|-1|1"
"495",4.91988525352629,6.73643988699174,-3.48270437543486,-2.06737001505799,0,0,0,0,"0|0|0|0"
"496",1.86093212083756,6.41671718713936,-2.81424743461237,1.88184465921197,-1,0,0,1,"-1|0|0|1"
"497",-0.360254668130657,6.82396478741143,-3.31099352197324,-0.35149373676745,-1,0,0,0,"-1|0|0|0"
"498",3.18670972319669,8.03249618018937,-8.14397625426749,-0.925918278952343,0,0,-1,0,"0|0|-1|0"
"499",10.4426277242313,12.5970603746445,-2.24029281643133,-1.09897460839234,1,1,0,0,"1|1|0|0"
"500",5.5655022436719,2.17508377261167,-4.25214265544415,-4.04502554353292,0,-1,0,0,"0|-1|0|0"
"501",3.54051382664263,4.07050347762876,-4.10416196057441,-1.96547886475738,0,-1,0,0,"0|-1|0|0"
"502",9.63893477674819,3.26776066484201,-5.30367937724945,-5.13691220340669,0,-1,0,-1,"0|-1|0|-1"
"503",3.94346236106538,6.59773377336589,-3.17677562739356,-2.06737001505799,0,0,0,0,"0|0|0|0"
"504",9.66497901236121,4.21498351692799,-7.97443044018648,-0.103562729376762,0,-1,-1,0,"0|-1|-1|0"
"505",5.42192639477387,6.33606691037409,-2.73553458798013,-4.05277740364672,0,0,0,0,"0|0|0|0"
"506",-2.7875389750223,10.4650244183746,-8.88184158560737,5.57537646597744,-2,0,-1,2,"-2|0|-1|2"
"507",5.66331768399264,5.32809727620707,1.35242000214202,-5.19422913975237,0,0,1,-1,"0|0|1|-1"
"508",9.66144402937584,1.58897899275807,-1.6138622505147,-2.96089074377296,0,-1,0,0,"0|-1|0|0"
"509",3.23067383118974,5.06867791670339,-2.45837180034712,-4.41644780413172,0,0,0,0,"0|0|0|0"
"510",-2.43614446744447,8.75911552835458,-0.427415772799477,-3.15925667493176,-2,0,1,0,"-2|0|1|0"
"511",6.20626671907509,10.492842524094,-5.06476545345153,-1.34690561578302,0,0,0,0,"0|0|0|0"
"512",11.9185543452657,11.4800835929349,-11.2522695981156,-0.35149373676745,1,0,-2,0,"1|0|-2|0"
"513",6.89910301635793,1.87062092025123,-5.43239131838083,-2.96089074377296,0,-1,0,0,"0|-1|0|0"
"514",-0.615764307636927,11.8876985696706,-3.14923545412209,5.57537646597744,-1,0,0,2,"-1|0|0|2"
"515",4.21081487526281,14.8791977235899,2.97829874878405,-4.04502554353292,0,1,2,0,"0|1|2|0"
"516",2.23839759063678,6.22735724797962,0.946696572432517,-5.13691220340669,-1,0,1,-1,"-1|0|1|-1"
"517",2.40297653892203,7.36841666648053,-5.34799280888321,1.87409279909817,-1,0,0,1,"-1|0|0|1"
"518",11.3144646703808,3.80567862160376,-4.8801204491509,-2.96089074377296,1,-1,0,0,"1|-1|0|0"
"519",8.49765726657657,1.03570781378612,-6.74610469834354,0.0694936000632309,0,-1,0,0,"0|-1|0|0"
"520",7.31740436130399,8.64971964879036,0.152675212113498,-3.15925667493176,0,0,1,0,"0|0|1|0"
"521",9.19795915267851,0.423613051560376,-4.96967602068571,-2.06737001505799,0,-2,0,0,"0|-2|0|0"
"522",7.48291726165875,2.58229784389655,-7.18992471643987,-2.38646620158806,0,-1,-1,0,"0|-1|-1|0"
"523",11.2590378351436,12.9025884014494,-2.5772105622956,-6.27836393951234,1,1,0,-1,"1|1|0|-1"
"524",6.38890601738066,3.2196388220929,-1.96106681754104,-2.24042634449799,0,-1,0,0,"0|-1|0|0"
"525",3.83877271562095,9.67043417905892,-1.25613746568611,0.680314988923791,0,0,0,0,"0|0|0|0"
"526",11.3493531299087,8.03666637031273,-0.565372780156605,-3.15925667493176,1,0,0,0,"1|0|0|0"
"527",-0.0871119445180676,13.4051781569515,-5.34554499151855,-0.262770816023056,-1,1,0,0,"-1|1|0|0"
"528",7.76747264648182,3.09086034999274,-3.44208835511232,-0.925918278952343,0,-1,0,0,"0|-1|0|0"
"529",5.88013846397897,8.83267851745063,-3.822058891782,4.85491206670247,0,0,0,2,"0|0|0|2"
"530",-0.558361178149484,12.3921358652686,3.10052413732658,1.77220164879756,-1,1,2,1,"-1|1|2|1"
"531",12.6738490385235,5.25135212787222,-0.560866496277355,-6.27836393951234,1,0,0,-1,"1|0|0|-1"
"532",8.02877538276722,4.67585169527148,1.63508980931959,0.988323930497003,0,0,1,0,"0|0|1|0"
"533",3.418561250938,7.50941541735189,-3.37596937570079,-1.07195813604242,0,0,0,0,"0|0|0|0"
"534",10.8411771561692,9.38872300964237,-4.869419502251,-6.27836393951234,1,0,0,-1,"1|0|0|-1"
"535",8.63043383992009,5.97091654733631,-5.00352748784455,0.0121766637175488,0,0,0,0,"0|0|0|0"
"536",6.71537371163758,13.6988590379454,-8.02693356437986,-4.04502554353292,0,1,-1,0,"0|1|-1|0"
"537",11.9825353775534,15.314982216099,-6.25694999738401,-5.19422913975237,1,1,0,-1,"1|1|0|-1"
"538",11.82609527557,17.3537386125821,-8.2626287571636,-4.04502554353292,1,2,-1,0,"1|2|-1|0"
"539",9.80042844931316,14.6620967026148,-3.41251328591564,-0.00708794851857164,0,1,0,0,"0|1|0|0"
"540",4.01779685383107,7.31434563955615,-8.00124434623851,-6.27836393951234,0,0,-1,-1,"0|0|-1|-1"
"541",6.79636305275478,11.6488463499742,-0.58913346057391,-4.4737647404774,0,0,0,0,"0|0|0|0"
"542",-5.51765141921225,11.1204200970997,-9.84106714564931,4.68185573726248,-2,0,-1,2,"-2|0|-1|2"
"543",11.5474951451474,11.7147337956631,-9.39785057269565,-4.05277740364672,1,0,-1,0,"1|0|-1|0"
"544",3.80835044279233,4.05026546752305,-3.26162901037848,-1.09897460839234,0,-1,0,0,"0|-1|0|0"
"545",10.7233146473042,14.2813723617402,-3.7835852552126,0.988323930497003,1,1,0,0,"1|1|0|0"
"546",11.2390213639471,3.06110013483513,-7.0619911515269,3.96139133798751,1,-1,0,1,"1|-1|0|1"
"547",5.58956532325128,2.86331160510134,-5.86371944027252,-4.05277740364672,0,-1,0,0,"0|-1|0|0"
"548",8.60797424160106,14.9336501937047,-0.510505878371338,-4.05277740364672,0,1,1,0,"0|1|1|0"
"549",7.05913300774271,13.1541560872059,-2.09032085250111,-1.60258848328751,0,1,0,0,"0|1|0|0"
"550",5.7629585440366,6.75201772156602,-1.18153238296565,-2.96089074377296,0,0,0,0,"0|0|0|0"
"551",-1.24555847993933,9.30262563213744,-2.64378051709521,-0.35149373676745,-1,0,0,0,"-1|0|0|0"
"552",0.500990510855653,4.9344195154645,-7.15567378339387,-1.81943900766731,-1,0,0,0,"-1|0|0|0"
"553",6.29843134808679,5.22738542532584,-1.12347475722513,-2.07512187517179,0,0,0,0,"0|0|0|0"
"554",12.9456983855789,16.7059950562033,-12.2602021929718,-5.13691220340669,1,2,-2,-1,"1|2|-2|-1"
"555",7.90343741338677,6.50253317204788,-1.53211359580052,-5.13691220340669,0,0,0,-1,"0|0|0|-1"
"556",0.269678803630142,8.0296512625368,0.585954312691853,0.368970662507519,-1,0,1,0,"-1|0|1|0"
"557",3.43640671626298,9.07226920158483,-5.05614186821519,-5.13691220340669,0,0,0,-1,"0|0|0|-1"
"558",7.40152680178691,6.50171013406185,-5.27572516794305,-2.43879227565679,0,0,0,0,"0|0|0|0"
"559",3.66021697903328,10.3203186298859,-3.50709354203479,-0.35149373676745,0,0,0,0,"0|0|0|0"
"560",3.1320959440551,9.15744896783258,-2.96106505042371,-1.35465747589682,0,0,0,0,"0|0|0|0"
"561",7.29302338596367,5.52096996000712,-3.21733238036124,3.24092693871254,0,0,0,1,"0|0|0|1"
"562",9.58119941841115,11.2427777455288,-4.02796780740737,-6.27836393951234,0,0,0,-1,"0|0|0|-1"
"563",6.84499698635232,10.2657633691388,-1.33917484396507,-1.34690561578302,0,0,0,0,"0|0|0|0"
"564",4.45553422406295,3.62230629454345,-4.61346604189911,-4.05277740364672,0,-1,0,0,"0|-1|0|0"
"565",7.31007367592249,6.81995357568077,-7.1081760617257,-2.96089074377296,0,0,0,0,"0|0|0|0"
"566",10.705230891555,3.36517639172617,-6.76243881873877,-6.27836393951234,1,-1,0,-1,"1|-1|0|-1"
"567",6.66307794123316,11.999079401089,-1.32765626869432,-3.15150481481796,0,1,0,0,"0|1|0|0"
"568",6.48068256591606,4.14207348981147,-2.88035067850365,1.1536283998232,0,-1,0,1,"0|-1|0|1"
"569",-0.569256513182864,8.55474124735628,-6.3355417063297,4.68185573726248,-1,0,0,2,"-1|0|0|2"
"570",8.28079901040109,7.42580340064489,-4.34264053990105,-2.06737001505799,0,0,0,0,"0|0|0|0"
"571",7.37329283473292,7.7128377252457,-5.80813780433599,-6.27836393951234,0,0,0,-1,"0|0|0|-1"
"572",9.12071545427881,9.28459639940968,-3.93392743692106,-0.35149373676745,0,0,0,0,"0|0|0|0"
"573",2.51958046739491,6.77299182914564,-3.78722107728697,-1.96547886475738,0,0,0,0,"0|0|0|0"
"574",3.40953884640121,13.2306936713903,-8.60443305400279,-1.07195813604242,0,1,-1,0,"0|1|-1|0"
"575",10.3317335738736,11.6568591911753,-7.04321700961467,-6.27836393951234,1,0,0,-1,"1|0|0|-1"
"576",5.70479117599982,6.87246557085127,-2.4821323582302,-2.06737001505799,0,0,0,0,"0|0|0|0"
"577",5.29538313294209,5.58347596682671,-1.7820237967901,-4.05277740364672,0,0,0,0,"0|0|0|0"
"578",6.50389747268143,7.91926697922925,-1.12347475722513,-0.205453879677374,0,0,0,0,"0|0|0|0"
"579",11.8073613592265,14.2895590950344,-7.25633976461368,-1.81943900766731,1,1,-1,0,"1|1|-1|0"
"580",10.0172667835727,8.18251329398166,-3.19172267191483,-1.81943900766731,0,0,0,0,"0|0|0|0"
"581",3.61144002013741,6.71737876426248,3.87762463699157,-3.33231300437175,0,0,2,0,"0|0|2|0"
"582",6.61023440664624,0.385310861186077,-10.191833879066,-2.91132566754107,0,-2,-1,0,"0|-2|-1|0"
"583",9.72311281442681,8.54243522760612,2.19238181659499,4.1344476674275,0,0,1,2,"0|0|1|2"
"584",9.91759919655692,13.9237611893035,-8.35830832241256,1.51042239861317,0,1,-1,1,"0|1|-1|1"
"585",13.2560455177923,10.6263831190381,0.821649505475588,-5.13691220340669,1,0,1,-1,"1|0|1|-1"
"586",11.014971954352,16.5568316793664,-12.2602021929718,-5.13691220340669,1,2,-2,-1,"1|2|-2|-1"
"587",1.59549126163218,10.1909945686325,-6.6874638602271,4.68185573726248,-1,0,0,2,"-1|0|0|2"
"588",8.84554067647378,3.34040410603464,-4.35644706171516,-3.15925667493176,0,-1,0,0,"0|-1|0|0"
"589",0.528734736100971,6.40197048707884,-2.45343151918772,-1.09897460839234,-1,0,0,0,"-1|0|0|0"
"590",10.6845641207478,6.00180144881347,-5.28189615747338,-5.13691220340669,1,0,0,-1,"1|0|0|-1"
"591",7.94852044660634,9.27878437703142,1.64338355685441,-2.96089074377296,0,0,1,0,"0|0|1|0"
"592",3.03641317561631,11.0673307896333,-1.52169307749858,-1.34690561578302,0,0,0,0,"0|0|0|0"
"593",9.9508608688386,3.34245567310097,3.27396940013759,-6.27836393951234,0,-1,2,-1,"0|-1|2|-1"
"594",11.1228777979346,9.88265477805358,-3.71104265964018,-5.19422913975237,1,0,0,-1,"1|0|0|-1"
"595",6.39123500822616,12.7105493209624,-6.53269373363461,0.0694936000632309,0,1,0,0,"0|1|0|0"
"596",4.51606530234903,12.0533567919031,-0.590479646926775,-2.49610921200247,0,1,0,0,"0|1|0|0"
"597",1.36739453918558,9.14380737903575,-3.86770305534322,-6.27836393951234,-1,0,0,-1,"-1|0|0|-1"
"598",11.5349112910264,11.657387364693,-1.42040791561585,-6.27836393951234,1,0,0,-1,"1|0|0|-1"
"599",1.04965233332345,8.20871060551906,-5.96346774920642,3.8595001876869,-1,0,0,1,"-1|0|0|1"
"600",2.05966197772964,5.45515551719927,-7.57806200894687,1.88184465921197,-1,0,-1,1,"-1|0|-1|1"
"601",1.14409950783007,9.79222191784391,-0.923809791189742,-0.408810673113132,-1,0,0,0,"-1|0|0|0"
"602",2.70241800327787,5.76939378598068,-6.65187806880486,-4.30070841103741,0,0,0,0,"0|0|0|0"
"603",2.96399504528165,9.06462132777671,1.72466099384043,3.96139133798751,0,0,1,1,"0|0|1|1"
"604",10.7800139342807,14.7341206010178,-2.14899422775432,-5.13691220340669,1,1,0,-1,"1|1|0|-1"
"605",6.88055124428866,12.5059351094934,-4.84578667453594,-3.33231300437175,0,1,0,0,"0|1|0|0"
"606",7.56969797071037,8.74099172652582,-6.07774958564437,-0.205453879677374,0,0,0,0,"0|0|0|0"
"607",11.9410319707054,15.0075713816898,-4.14484677133586,-6.27836393951234,1,1,0,-1,"1|1|0|-1"
"608",9.31731344108212,0.368326449398118,-4.13221034334669,-6.27836393951234,0,-2,0,-1,"0|-2|0|-1"
"609",7.15803357834462,7.64066985255681,-5.84183142705076,-6.27836393951234,0,0,0,-1,"0|0|0|-1"
"610",10.4119281838584,7.56670552455018,-8.5448612309409,-4.05277740364672,1,0,-1,0,"1|0|-1|0"
"611",4.74999828457693,4.86302758706719,-2.37104794437008,-6.27836393951234,0,0,0,-1,"0|0|0|-1"
"612",7.2491825195286,13.8051205547413,1.37607849397891,-2.91132566754107,0,1,1,0,"0|1|1|0"
"613",6.96889324897589,5.2193848490233,-6.70066010649421,-1.07195813604242,0,0,0,0,"0|0|0|0"
"614",-1.46383542432973,8.43469938942595,-3.60698638275322,0.878680920082594,-2,0,0,0,"-2|0|0|0"
"615",3.77011803273951,10.7975980516416,-5.11652691210433,1.88184465921197,0,0,0,1,"0|0|0|1"
"616",2.59754946696716,5.70305301568868,-7.40260732826774,3.96139133798751,0,0,-1,1,"0|0|-1|1"
"617",6.42547755837468,7.2828240414325,-3.36896328563449,-2.96089074377296,0,0,0,0,"0|0|0|0"
"618",1.20193984861858,9.76084820640856,-1.67513140606733,3.96139133798751,-1,0,0,1,"-1|0|0|1"
"619",8.8360143610012,5.67500217489372,0.158537943900173,-6.27836393951234,0,0,1,-1,"0|0|1|-1"
"620",4.76830227663678,4.49783460218661,-4.82011245344432,-0.35149373676745,0,0,0,0,"0|0|0|0"
"621",3.01510003100358,6.19076954946803,-1.5747212128093,-3.15925667493176,0,0,0,0,"0|0|0|0"
"622",3.58338038235201,5.83924891749435,-4.79887475864719,2.96597945897193,0,0,0,1,"0|0|0|1"
"623",2.07041323399428,8.99872974760235,-0.738977694336116,4.1344476674275,-1,0,0,2,"-1|0|0|2"
"624",3.66494230619412,5.36281094514027,-0.493100754930853,-4.41644780413172,0,0,1,0,"0|0|1|0"
"625",4.86903874800688,7.01007244631606,-0.72525643695167,-1.24501446548241,0,0,0,0,"0|0|0|0"
"626",-6.5867692703141,12.4047550904504,1.19023109663943,4.57996458696186,-2,1,1,2,"-2|1|1|2"
"627",1.73582092557692,7.61934144435061,-4.66469724414423,3.58455270794629,-1,0,0,1,"-1|0|0|1"
"628",6.07211851727878,9.31154529286391,-2.59329729177729,-3.33231300437175,0,0,0,0,"0|0|0|0"
"629",-0.882438602365744,12.0779726198642,3.8346415569142,-2.96089074377296,-1,1,2,0,"-1|1|2|0"
"630",1.46864830400387,9.27846636581277,-7.36159509309215,-4.4737647404774,-1,0,-1,0,"-1|0|-1|0"
"631",4.98139626079719,7.17801429455048,-8.77146709472582,1.87409279909817,0,0,-1,1,"0|0|-1|1"
"632",9.02605764388946,2.1832267302906,-5.38155143011316,-4.04502554353292,0,-1,0,0,"0|-1|0|0"
"633",5.3762542737805,9.28459639940968,-3.67923648360634,-4.191065400623,0,0,0,0,"0|0|0|0"
"634",10.4225192916363,2.70454736534299,-5.77587614609424,-1.34690561578302,1,-1,0,0,"1|-1|0|0"
"635",9.70835321447894,11.4720379053713,-8.38991797783948,4.57996458696186,0,0,-1,2,"0|0|-1|2"
"636",11.3934817306959,11.5530507511142,-4.53686801530128,-2.01780493882611,1,0,0,0,"1|0|0|0"
"637",8.06675153004896,12.4705169491634,-2.16884303253738,3.8595001876869,0,1,0,1,"0|1|0|1"
"638",8.38003967414935,7.27028543192686,-5.55662584369662,-0.103562729376762,0,0,0,0,"0|0|0|0"
"639",6.0936466739558,6.02040614382755,-0.282287993382063,0.988323930497003,0,0,1,0,"0|0|1|0"
"640",5.14972766124943,4.55345243714895,-0.741470158130864,-2.43879227565679,0,0,0,0,"0|0|0|0"
"641",5.86280132893084,3.99218424865593,-5.33744010601293,-2.24042634449799,0,-1,0,0,"0|-1|0|0"
"642",1.68982511586227,9.09833435551136,-2.62511763136024,1.161380259937,-1,0,0,1,"-1|0|0|1"
"643",7.86279773344419,5.69093832240979,-1.89610911262113,-3.33231300437175,0,0,0,0,"0|0|0|0"
"644",10.9354365828583,12.4155452291093,-8.26096647437324,1.88184465921197,1,1,-1,1,"1|1|-1|1"
"645",6.3532124162165,9.4683579341243,-7.62239837730294,2.24551505969696,0,0,-1,1,"0|0|-1|1"
"646",0.960350796238647,7.93818859809458,-8.11610865658188,-4.05277740364672,-1,0,-1,0,"-1|0|-1|0"
"647",8.30828604524719,3.19239443996157,-4.89322178740191,1.68347872805316,0,-1,0,1,"0|-1|0|1"
"648",9.50450258997307,6.81034525834762,-3.45898995236323,-4.05277740364672,0,0,0,0,"0|0|0|0"
"649",3.21690079230579,6.53266755641633,-2.18245888775553,-3.20882175116364,0,0,0,0,"0|0|0|0"
"650",2.04501603373485,6.97000425415501,-4.42445872352465,1.1536283998232,-1,0,0,1,"-1|0|0|1"
"651",9.88220049136197,4.68873108223958,-5.37306701598238,-3.33231300437175,0,0,0,0,"0|0|0|0"
"652",7.5668169527939,6.25575117832922,-2.294396961804,1.87409279909817,0,0,0,1,"0|0|0|1"
"653",10.936793237643,3.77827685125405,-4.78393295941627,-6.27836393951234,1,-1,0,-1,"1|-1|0|-1"
"654",0.592953107012042,9.7318987633831,-4.34762830306302,5.57537646597744,-1,0,0,2,"-1|0|0|2"
"655",7.66991582664641,7.12473475692955,-1.2351804374098,-4.05277740364672,0,0,0,0,"0|0|0|0"
"656",2.52544412898011,6.00190891978558,-0.996975979214798,-0.35149373676745,0,0,0,0,"0|0|0|0"
"657",3.45514918906895,6.26367740898443,-3.42469288450578,1.87409279909817,0,0,0,1,"0|0|0|1"
"658",11.2751311187574,3.82624047315307,-6.87568481052663,-4.05277740364672,1,-1,0,0,"1|-1|0|0"
"659",7.3771027056596,5.26339597647858,-2.69851400965525,-0.35149373676745,0,0,0,0,"0|0|0|0"
"660",7.32893120955678,10.4013108463208,-4.93683188853855,-2.96089074377296,0,0,0,0,"0|0|0|0"
"661",11.2412866399104,-2.58453837869156,-8.5722733464186,-5.13691220340669,1,-2,-1,-1,"1|-2|-1|-1"
"662",9.5793470298786,8.78985630074503,3.74086126654465,-4.05277740364672,0,0,2,0,"0|0|2|0"
"663",6.72290135112232,5.62912052241385,-0.212884010408272,-1.44338039664121,0,0,1,0,"0|0|1|0"
"664",-0.272964249183907,14.3607664340351,-6.25871128586807,0.0694936000632309,-1,1,0,0,"-1|1|0|0"
"665",4.82279485463735,5.20596570892094,-0.714761654245131,-2.06737001505799,0,0,0,0,"0|0|0|0"
"666",-1.36871490108927,7.19417531810685,-0.9735549118672,-4.1100943399924,-2,0,0,0,"-2|0|0|0"
"667",2.26247104578577,9.83354288793516,-4.72081414350514,-1.34690561578302,-1,0,0,0,"-1|0|0|0"
"668",7.8012051060937,4.26121813686773,-3.49324529295284,-3.58024401176244,0,-1,0,0,"0|-1|0|0"
"669",6.48300334681915,11.3575856222929,-3.22296053759236,-4.05277740364672,0,0,0,0,"0|0|0|0"
"670",11.0411385915213,9.42285449171452,-6.16692333065526,-2.24042634449799,1,0,0,0,"1|0|0|0"
"671",3.58771038371963,6.33902710947726,-2.24706651263383,2.24551505969696,0,0,0,1,"0|0|0|1"
"672",8.94761524872613,5.40867741683319,-5.28441828208882,-5.13691220340669,0,0,0,-1,"0|0|0|-1"
"673",9.32895395348106,5.60579653725956,-1.2698744585908,-5.13691220340669,0,0,0,-1,"0|0|0|-1"
"674",8.86504657454226,5.92842422944608,-1.89116883146172,-5.19422913975237,0,0,0,-1,"0|0|0|-1"
"675",8.04170490690626,3.54416101990772,-3.60204475440269,4.1344476674275,0,-1,0,2,"0|-1|0|2"
"676",4.71005908031175,7.51682448215766,-3.54747582130241,0.886432780196391,0,0,0,0,"0|0|0|0"
"677",10.288503526925,14.2885750626563,-6.40103908221759,-3.04961366451735,1,1,0,0,"1|1|0|0"
"678",11.2575932231932,13.3881552854818,-3.25732713435923,-0.925918278952343,1,1,0,0,"1|1|0|0"
"679",8.54637440182949,1.56635805050437,-2.98087212793894,-4.05277740364672,0,-1,0,0,"0|-1|0|0"
"680",8.41522998653467,6.32370118886315,-4.61994712084808,-2.96089074377296,0,0,0,0,"0|0|0|0"
"681",11.0450855343054,13.1681787000712,-3.63995165258693,-2.43879227565679,1,1,0,0,"1|1|0|0"
"682",13.9836727391036,10.2137934707464,-4.41853326040154,-6.27836393951234,1,0,0,-1,"1|0|0|-1"
"683",7.77131513978402,5.24477007469639,-0.900049233306669,-2.96089074377296,0,0,0,0,"0|0|0|0"
"684",9.39136829519618,7.47374098683292,-2.01540335677752,-2.96089074377296,0,0,0,0,"0|0|0|0"
"685",6.60692927357406,9.14166787438978,-5.66283940635634,-4.30070841103741,0,0,0,0,"0|0|0|0"
"686",7.06864196947309,2.24577851389814,-5.46132455128711,-2.06737001505799,0,-1,0,0,"0|-1|0|0"
"687",7.96630742420925,17.8600739788664,-4.20475293891911,-3.21657361127744,0,2,0,0,"0|2|0|0"
"688",-2.71087236544109,11.1265025099944,-2.26936448197266,-2.96089074377296,-2,0,0,0,"-2|0|0|0"
"689",2.82826714343878,9.97484720336584,5.49974056986172,-0.262770816023056,0,0,2,0,"0|0|2|0"
"690",-4.23320950110809,10.9655990026146,0.0648787912171727,-4.05277740364672,-2,0,1,0,"-2|0|1|0"
"691",7.59999946814237,5.70434849203983,-0.10856647159384,-6.27836393951234,0,0,1,-1,"0|0|1|-1"
"692",1.97539165300712,5.10025853041345,-2.50900372707032,-2.96089074377296,-1,0,0,0,"-1|0|0|0"
"693",5.15666450653476,3.84214969371014,-3.27856899877711,-4.05277740364672,0,-1,0,0,"0|-1|0|0"
"694",11.4999028675782,11.4839998432553,-2.7426259424761,-6.27836393951234,1,0,0,-1,"1|0|0|-1"
"695",7.9045974461293,3.72967893834023,-3.05688768063134,-1.96547886475738,0,-1,0,0,"0|-1|0|0"
"696",8.77819901330028,6.54693649011288,0.604807865022795,-1.81943900766731,0,0,1,0,"0|0|1|0"
"697",11.3359939493646,5.70961423724435,-6.45221175557836,-2.96089074377296,1,0,0,0,"1|0|0|0"
"698",7.14757840159128,11.8738911030513,-3.66047000027185,3.8595001876869,0,0,0,1,"0|0|0|1"
"699",-2.16363502540163,10.5415539012684,-2.82613527695372,3.8595001876869,-2,0,0,1,"-2|0|0|1"
"700",10.5498055708572,3.96439943134645,-3.33152760517841,-5.19422913975237,1,-1,0,-1,"1|-1|0|-1"
"701",8.20886374883057,4.06402002533581,-8.52926742889514,-6.27836393951234,0,-1,-1,-1,"0|-1|-1|-1"
"702",-2.39178492587695,14.6407086775732,3.33205956301487,3.6864438582469,-2,1,2,1,"-2|1|2|1"
"703",11.0549304571391,14.6956100509396,-2.53786195710149,-2.96864260388675,1,1,0,0,"1|1|0|0"
"704",12.5650159818073,14.144064025958,1.67755498020547,-4.04502554353292,1,1,1,0,"1|1|1|0"
"705",7.52399280013593,1.11929714984047,-6.81347327170163,-1.96547886475738,0,-1,0,0,"0|-1|0|0"
"706",7.90461204736217,10.9876489060545,-5.70644876902247,-2.07512187517179,0,0,0,0,"0|0|0|0"
"707",7.57252064042604,2.67965440371077,-6.31676891160859,0.0121766637175488,0,-1,0,0,"0|-1|0|0"
"708",6.13285733023676,5.37369925294157,-4.57303701909944,-0.35149373676745,0,0,0,0,"0|0|0|0"
"709",10.9410283585766,9.48970751002431,-6.25617134007076,-6.27836393951234,1,0,0,-1,"1|0|0|-1"
"710",2.70142331081944,10.3543960416941,0.0921697690083189,-2.43879227565679,0,0,1,0,"0|0|1|0"
"711",2.80129233346848,9.17937708227624,-3.17677562739356,-1.34690561578302,0,0,0,0,"0|0|0|0"
"712",11.0596989437043,11.2102942014366,-2.71184355900648,-5.13691220340669,1,0,0,-1,"1|0|0|-1"
"713",3.01808236436287,9.37445501932723,-1.06807821496846,-0.461136747181859,0,0,0,0,"0|0|0|0"
"714",3.16624659994157,5.25622118128626,-3.62117885786582,0.878680920082594,0,0,0,0,"0|0|0|0"
"715",6.14891499258965,4.86743574069929,-2.78676579022525,-2.06737001505799,0,0,0,0,"0|0|0|0"
"716",-0.0952441683991055,8.69982899061523,-2.09711028422386,-2.24042634449799,-1,0,0,0,"-1|0|0|0"
"717",5.96457652088672,16.3410678800133,3.12451574188233,-2.07512187517179,0,2,2,0,"0|2|2|0"
"718",1.56354144226553,5.4621325276202,-3.98880472279511,-4.05277740364672,-1,0,0,0,"-1|0|0|0"
"719",-1.02412508061492,11.0698675424972,-2.74557388847876,5.57537646597744,-1,0,0,2,"-1|0|0|2"
"720",10.3895653582965,6.3276116336287,-0.484429687691948,-3.05736552463115,1,0,1,0,"1|0|1|0"
"721",0.95436558703425,4.99942914422918,-5.50598834405733,-1.81943900766731,-1,0,0,0,"-1|0|0|0"
"722",10.7623352420848,13.9164451855502,-3.79287262861607,-4.05277740364672,1,1,0,0,"1|1|0|0"
"723",11.9870765540527,16.0393434810066,-8.63350996483447,-4.05277740364672,1,2,-1,0,"1|2|-1|0"
"724",4.56286984131789,10.5552325111733,-3.85020459585777,-4.05277740364672,0,0,0,0,"0|0|0|0"
"725",5.73351617756264,5.03624522772274,-2.01858369664398,2.76761352781313,0,0,0,1,"0|0|0|1"
"726",3.1244858779756,9.80945366835561,-2.63328573438867,-2.43879227565679,0,0,0,0,"0|0|0|0"
"727",-2.55345610166651,9.29869569951256,-4.2621585618448,2.24551505969696,-2,0,0,1,"-2|0|0|1"
"728",5.92876619632937,5.87597558803285,0.287347338442598,-3.33231300437175,0,0,1,0,"0|0|1|0"
"729",5.67773205826644,4.64021844840619,-4.09112857926168,-2.06737001505799,0,0,0,0,"0|0|0|0"
"730",6.52636567283965,3.40545307437094,-4.15290729150625,-4.04502554353292,0,-1,0,0,"0|-1|0|0"
"731",11.0907394478877,11.6269495239829,-5.19754856112856,0.988323930497003,1,0,0,0,"1|0|0|0"
"732",5.28261558188798,2.84251889279774,-7.21414075653086,-1.09897460839234,0,-1,-1,0,"0|-1|-1|0"
"733",10.8600337873211,16.2474853170307,-7.89014453405723,-4.05277740364672,1,2,-1,0,"1|2|-1|0"
"734",9.49393609555007,7.53434242350126,-3.45898995236323,-0.262770816023056,0,0,0,0,"0|0|0|0"
"735",2.84386661879745,10.0701778441019,-1.39242906175299,-5.19422913975237,0,0,0,-1,"0|0|0|-1"
"736",-4.18843458725257,8.78001216826327,-1.81087176526672,-3.15925667493176,-2,0,0,0,"-2|0|0|0"
"737",5.98474393701936,1.96837600502001,-4.16221958631493,-4.41644780413172,0,-1,0,0,"0|-1|0|0"
"738",9.6951970818458,8.76330457325163,-6.61282563164925,-6.27836393951234,0,0,0,-1,"0|0|0|-1"
"739",9.00391284180595,4.35813505161383,-0.214733160971611,-4.05277740364672,0,0,1,0,"0|0|1|0"
"740",-1.54086062311787,7.52368973501134,-4.30952595994146,-0.103562729376762,-2,0,0,0,"-2|0|0|0"
"741",8.53188949797962,4.53951609914037,-8.10051485453612,-6.27836393951234,0,0,-1,-1,"0|0|-1|-1"
"742",9.18373272044393,4.69467091852107,-1.3531859580014,-4.05277740364672,0,0,0,0,"0|0|0|0"
"743",2.18658429798402,5.72102188169527,-3.53624986328518,-4.05277740364672,-1,0,0,0,"-1|0|0|0"
"744",6.13665244007368,14.4129138802225,-5.79564516966084,-2.96089074377296,0,1,0,0,"0|1|0|0"
"745",5.89415370523189,9.66606255802821,-3.03069861494684,-2.96089074377296,0,0,0,0,"0|0|0|0"
"746",-0.718763337446005,7.04159535198484,-1.72760199312395,-0.925918278952343,-1,0,0,0,"-1|0|0|0"
"747",9.03842149740017,2.4186363788242,-8.04801173034273,0.158216520807625,0,-1,-1,0,"0|-1|-1|0"
"748",7.77516541457288,9.14603052673862,-4.47371963751988,-3.38187808060364,0,0,0,0,"0|0|0|0"
"749",4.97482046348134,9.3080647516407,5.87727902468699,-2.96089074377296,0,0,2,0,"0|0|2|0"
"750",6.88467595235321,7.28736968558469,-6.2924258798201,-2.96089074377296,0,0,0,0,"0|0|0|0"
"751",8.56217888314652,2.13345593486916,-9.06598362569754,-6.27836393951234,0,-1,-1,-1,"0|-1|-1|-1"
"752",5.37208074981462,6.81560842052358,-5.02782303763047,-4.05277740364672,0,0,0,0,"0|0|0|0"
"753",10.0635608055554,5.27845362439555,-2.1261547733074,-4.05277740364672,0,0,0,0,"0|0|0|0"
"754",6.70192366456829,8.88783415907839,-4.57292637164279,-2.96089074377296,0,0,0,0,"0|0|0|0"
"755",6.17485140016304,11.5797864776158,-2.32064706431957,1.87409279909817,0,0,0,1,"0|0|0|1"
"756",3.85207747606113,10.2943265269946,-4.17926497687986,1.88184465921197,0,0,0,1,"0|0|0|1"
"757",7.46486547734663,4.55566799299199,-3.5357091166476,-5.19422913975237,0,0,0,-1,"0|0|0|-1"
"758",6.78136264898321,3.58274311505328,-5.15475039291244,-2.43879227565679,0,-1,0,0,"0|-1|0|0"
"759",9.29791436683859,7.81565095184735,-8.61844252109715,-4.1100943399924,0,0,-1,0,"0|0|-1|0"
"760",10.1145498258075,11.440888884564,-8.01743635770993,-2.06737001505799,0,0,-1,0,"0|0|-1|0"
"761",5.6756858508457,4.75113686251836,-4.03428602140195,0.267859531222033,0,0,0,0,"0|0|0|0"
"762",6.23271039341875,12.0979381690544,0.419837828866101,-1.07195813604242,0,1,1,0,"0|1|1|0"
"763",10.1088779658917,7.25385633725986,-7.15063988542046,-2.96089074377296,0,0,0,0,"0|0|0|0"
"764",2.46532529032037,7.56393271697161,-9.18516796086779,0.7899579993382,-1,0,-1,0,"-1|0|-1|0"
"765",5.49801632351942,3.0611643499478,-5.04111480455459,-5.55789954023737,0,-1,0,-1,"0|-1|0|-1"
"766",6.1044556793936,7.36921338344943,-0.687238282590179,-2.96089074377296,0,0,0,0,"0|0|0|0"
"767",9.64376484076155,4.95459567372596,-2.45105735750705,-4.05277740364672,0,0,0,0,"0|0|0|0"
"768",6.45506007876568,3.79731900216096,-5.20139529213898,2.49266604807253,0,-1,0,1,"0|-1|0|1"
"769",5.58063974065354,9.26906485403735,-3.69800927832745,-1.24501446548241,0,0,0,0,"0|0|0|0"
"770",11.2035817795319,16.3259407806016,-10.2392854659228,-2.06737001505799,1,2,-1,0,"1|2|-1|0"
"771",9.65232942905244,1.16804068287437,-5.47007378102984,-1.07195813604242,0,-1,0,0,"0|-1|0|0"
"772",10.6669790435438,12.5902531388067,-4.52134374216494,-6.27836393951234,1,1,0,-1,"1|1|0|-1"
"773",3.89563246337523,6.2742200471921,-6.50018394600881,-1.24501446548241,0,0,0,0,"0|0|0|0"
"774",9.97414217934672,3.18362472315558,-2.98405112061428,-4.04502554353292,0,-1,0,0,"0|-1|0|0"
"775",8.62771614010483,7.31446181623398,-4.48918403458075,-5.19422913975237,0,0,0,-1,"0|0|0|-1"
"776",5.24330661842324,1.27539963523618,-7.56061966505838,-4.05277740364672,0,-1,-1,0,"0|-1|-1|0"
"777",5.15305070081971,3.51538055918325,-7.0369001428112,-3.33231300437175,0,-1,0,0,"0|-1|0|0"
"778",2.3191303528808,7.17842475978545,-3.24173333231347,2.96597945897193,-1,0,0,1,"-1|0|0|1"
"779",3.99750667841581,7.3136325695952,-3.46948473506977,-1.34690561578302,0,0,0,0,"0|0|0|0"
"780",7.13373253842851,11.1770746704538,-1.82003609714064,-1.81943900766731,0,0,0,0,"0|0|0|0"
"781",5.63580546303916,13.5867976738585,-8.46171259648469,3.96139133798751,0,1,-1,1,"0|1|-1|1"
"782",0.550717535369276,7.45932182268131,-1.33264403185629,-1.09897460839234,-1,0,0,0,"-1|0|0|0"
"783",11.1408566709082,13.356599091403,-7.23000305047733,-3.33231300437175,1,1,-1,0,"1|1|-1|0"
"784",6.89919455339195,8.58439828897531,-1.83498375038252,-4.4737647404774,0,0,0,0,"0|0|0|0"
"785",7.31819163122956,5.60452842448813,0.753242237533668,-1.81943900766731,0,0,1,0,"0|0|1|0"
"786",10.6622660810211,7.79110308094247,-4.65837903014964,-0.35149373676745,1,0,0,0,"1|0|0|0"
"787",11.2469715440247,9.64735926009062,-4.96934167616435,-1.07195813604242,1,0,0,0,"1|0|0|0"
"788",1.11586028888527,7.41427489789961,-2.11787676129283,1.45310546226749,-1,0,0,1,"-1|0|0|1"
"789",4.48090176129775,4.80825453543719,-2.85613463841267,-6.27836393951234,0,0,0,-1,"0|0|0|-1"
"790",0.0490372213407762,8.51479356722814,-9.05226236831309,-1.81943900766731,-1,0,-1,0,"-1|0|-1|0"
"791",8.36966594693557,5.30216428251247,-1.50616880436224,-6.27836393951234,0,0,0,-1,"0|0|0|-1"
"792",9.68773939953423,17.3537386125821,-6.98713733070177,-4.05277740364672,0,2,0,0,"0|2|0|0"
"793",7.58778308819547,3.84445291552269,-1.05127079118344,-4.41644780413172,0,-1,0,0,"0|-1|0|0"
"794",5.56813510202882,7.8026376470205,-3.70804723163496,0.457693583251913,0,0,0,0,"0|0|0|0"
"795",5.94724202901751,9.73695083109457,-3.11871800165304,-0.35149373676745,0,0,0,0,"0|0|0|0"
"796",9.23262652034096,1.66001589164421,-2.90909324481397,-1.34690561578302,0,-1,0,0,"0|-1|0|0"
"797",12.0213579284197,5.2329272092984,-6.22057199382003,3.6864438582469,1,0,0,1,"1|0|0|1"
"798",1.25492704805107,6.27017946468522,-9.22763178456255,-0.727552347793541,-1,0,-1,0,"-1|0|-1|0"
"799",10.8156496552741,1.79904937082264,0.094237715760785,-5.13691220340669,1,-1,1,-1,"1|-1|1|-1"
"800",0.780335697396158,9.16078297221365,1.63685244499478,-4.4737647404774,-1,0,1,0,"-1|0|1|0"
"801",6.32973198293082,10.3731565688403,-5.08353824817264,0.988323930497003,0,0,0,0,"0|0|0|0"
"802",2.63420174792009,7.75572894634935,-9.6844484772141,1.87409279909817,0,0,-1,1,"0|0|-1|1"
"803",2.49997055090315,6.53467889180388,-4.03440850627962,3.13903578841193,-1,0,0,1,"-1|0|0|1"
"804",8.14681742881978,2.8251216160417,-6.15446874992874,-1.81943900766731,0,-1,0,0,"0|-1|0|0"
"805",9.29563327452463,12.1608866114182,-2.7630747612516,-5.19422913975237,0,1,0,-1,"0|1|0|-1"
"806",10.8503129920536,7.33611217607404,-9.09969821964957,1.88184465921197,1,0,-1,1,"1|0|-1|1"
"807",5.01522833496851,14.0100277485329,-5.64209558491484,-0.35149373676745,0,1,0,0,"0|1|0|0"
"808",12.8675804916734,15.5755817277052,-10.8353897392983,-4.04502554353292,1,1,-2,0,"1|1|-2|0"
"809",13.3287608888136,14.9749446020816,-11.2522695981156,-4.05277740364672,1,1,-2,0,"1|1|-2|0"
"810",9.22121888696534,9.38873528290452,-5.80381327268927,-5.55789954023737,0,0,0,-1,"0|0|0|-1"
"811",6.54453861245676,9.52060724482057,-7.30035847467628,-4.05277740364672,0,0,-1,0,"0|0|-1|0"
"812",10.2568982679532,6.71673394758194,-5.40314578786004,-6.27836393951234,0,0,0,-1,"0|0|0|-1"
"813",13.1875294967701,15.0597224065047,-6.39334428257894,-2.06737001505799,1,1,0,0,"1|1|0|0"
"814",3.3322130324603,8.45612253478849,2.38536358657456,-2.24042634449799,0,0,1,0,"0|0|1|0"
"815",7.2310830529605,10.9216304902457,-3.19855958564014,0.0694936000632309,0,0,0,0,"0|0|0|0"
"816",6.02010602214215,6.14963422693767,-3.96818277751067,-4.30070841103741,0,0,0,0,"0|0|0|0"
"817",3.36985681400435,8.71063962378913,2.79467039216038,0.878680920082594,0,0,2,0,"0|0|2|0"
"818",4.20231801844256,7.27929220964042,2.94575507683036,-4.05277740364672,0,0,2,0,"0|0|2|0"
"819",4.2963972172123,10.1393367234307,0.124663821113871,-3.33231300437175,0,0,1,0,"0|0|1|0"
"820",6.15867783668383,6.99400724761102,-4.48059766979241,-2.24042634449799,0,0,0,0,"0|0|0|0"
"821",0.220910275331443,10.5557372336015,-5.08480492483056,5.57537646597744,-1,0,0,2,"-1|0|0|2"
"822",0.329547253482049,6.20409202377476,-5.08220779734002,2.76761352781313,-1,0,0,1,"-1|0|0|1"
"823",12.5698616549124,2.87833373132283,-0.0862745849413013,-6.27836393951234,1,-1,1,-1,"1|-1|1|-1"
"824",2.17984793918313,13.0511380041463,-0.65225835917134,-1.34690561578302,-1,1,0,0,"-1|1|0|0"
"825",11.3403658681188,-0.480845945617537,-5.08168835913879,-6.27836393951234,1,-2,0,-1,"1|-2|0|-1"
"826",3.95688961017438,10.9376872812612,2.40606628946884,-1.24501446548241,0,0,1,0,"0|0|1|0"
"827",4.23075004494263,4.35912041864325,-1.58606830851308,-2.96089074377296,0,0,0,0,"0|0|0|0"
"828",9.6298031799673,9.72521495954327,-0.861219884495163,-6.27836393951234,0,0,0,-1,"0|0|0|-1"
"829",12.0024183764975,8.88909701317744,-0.78947348632302,-6.27836393951234,1,0,0,-1,"1|0|0|-1"
"830",7.79367694256596,7.25901735518591,-2.17537549158814,-2.96089074377296,0,0,0,0,"0|0|0|0"
"831",3.56303227437445,5.02623743400036,-1.51348459439343,-1.96547886475738,0,0,0,0,"0|0|0|0"
"832",8.74514774592319,4.44545127842832,-8.5722733464186,-1.96547886475738,0,0,-1,0,"0|0|-1|0"
"833",4.52112276073252,6.71902316780833,0.634709567979162,-0.925918278952343,0,0,1,0,"0|0|1|0"
"834",4.07721011754857,8.63859280287966,-2.53287419393953,-4.05277740364672,0,0,0,0,"0|0|0|0"
"835",7.26968435020372,5.36546172193039,-0.319538761976897,-3.58024401176244,0,0,1,0,"0|0|1|0"
"836",8.77641382563936,13.2179412828944,-3.81539059774581,-2.96089074377296,0,1,0,0,"0|1|0|0"
"837",5.36558672975006,2.16802456510949,-11.6810221724746,0.988323930497003,0,-1,-2,0,"0|-1|-2|0"
"838",11.1260293238646,3.95961507371139,-5.62285157246557,-6.27836393951234,1,-1,0,-1,"1|-1|0|-1"
"839",7.36821638952844,4.12210572428802,-1.18138858965163,-3.04961366451735,0,-1,0,0,"0|-1|0|0"
"840",7.2192199600059,9.2545128401242,-10.6667713636239,-2.96089074377296,0,0,-2,0,"0|0|-2|0"
"841",4.47207558150259,5.94194000828516,-1.43342556140833,-2.96089074377296,0,0,0,0,"0|0|0|0"
"842",12.4035239453539,-2.18741800185925,-7.80768460917336,-6.27836393951234,1,-2,-1,-1,"1|-2|-1|-1"
"843",11.0399202968645,9.24490044250265,-6.39810761020569,-6.27836393951234,1,0,0,-1,"1|0|0|-1"
"844",9.07648245636387,4.9841841631375,-3.57871503417106,-1.24501446548241,0,0,0,0,"0|0|0|0"
"845",8.11530335842686,6.74878353892616,-8.60841895611877,-5.13691220340669,0,0,-1,-1,"0|0|-1|-1"
"846",9.80316505022843,9.58869876188726,-5.85172558704425,-5.13691220340669,0,0,0,-1,"0|0|0|-1"
"847",5.83858268056018,5.01929706788275,-0.72525643695167,-0.35149373676745,0,0,0,0,"0|0|0|0"
"848",6.67001487371277,4.34313889422128,-3.45898995236323,3.4880779270881,0,0,0,1,"0|0|0|1"
"849",7.89689014374448,14.428861117664,-2.97536510839436,-4.05277740364672,0,1,0,0,"0|1|0|0"
"850",2.15520409775352,6.57836599329785,-6.12937774121305,-4.05277740364672,-1,0,0,0,"-1|0|0|0"
"851",7.72086488744551,8.43179863615174,-10.4453381748622,0.878680920082594,0,0,-1,0,"0|0|-1|0"
"852",12.7679030227553,16.7059950562033,-4.18662188545828,-1.81943900766731,1,2,0,0,"1|2|0|0"
"853",11.8056999863599,13.1571084549114,-4.89077262284613,-5.13691220340669,1,1,0,-1,"1|1|0|-1"
"854",10.3232423930157,16.0877291163678,-4.98445170817424,-6.27836393951234,1,2,0,-1,"1|2|0|-1"
"855",-0.399526167039213,7.01364417368977,-1.68850843742112,-1.07195813604242,-1,0,0,0,"-1|0|0|0"
"856",3.05920989951077,3.99208126943368,-4.79388699548523,-0.824027128651731,0,-1,0,0,"0|-1|0|0"
"857",7.58650724943836,2.0050914789886,-2.61324626300964,-4.05277740364672,0,-1,0,0,"0|-1|0|0"
"858",5.09077788596516,12.6553701808393,-5.96378540749989,-4.30070841103741,0,1,0,0,"0|1|0|0"
"859",2.35202772611524,7.31729669352951,-2.86985589579711,-5.13691220340669,-1,0,0,-1,"-1|0|0|-1"
"860",7.16966291598616,9.80605886510583,-10.6150319518779,-6.27836393951234,0,0,-2,-1,"0|0|-2|-1"
"861",9.1002984601552,17.8600739788664,-3.88023765520907,-6.27836393951234,0,2,0,-1,"0|2|0|-1"
"862",4.95396794945277,4.74728058534382,-5.57354317646778,-2.96089074377296,0,0,0,0,"0|0|0|0"
"863",9.30669556363902,15.0062936348974,-1.75795353894213,-0.925918278952343,0,1,0,0,"0|1|0|0"
"864",11.0930176088638,5.43468106110905,-4.31391370911098,-5.13691220340669,1,0,0,-1,"1|0|0|-1"
"865",8.02098428734547,2.52609399513173,-4.37667279214656,2.96597945897193,0,-1,0,1,"0|-1|0|1"
"866",5.1773456889463,10.5437964215392,-3.63995165258693,0.688066849037588,0,0,0,0,"0|0|0|0"
"867",5.7371206407325,5.65327091497747,-5.55644093183538,-0.824027128651731,0,0,0,0,"0|0|0|0"
"868",-0.530105581416045,7.37874574271912,-5.08540944564283,-2.43879227565679,-1,0,0,0,"-1|0|0|0"
"869",6.83540578133336,1.74311431216193,-5.96355301363609,-1.96547886475738,0,-1,0,0,"0|-1|0|0"
"870",6.32087373135517,0.903805837734139,-7.18992471643987,-4.05277740364672,0,-1,-1,0,"0|-1|-1|0"
"871",7.19273393177377,12.9292421716955,-1.02295330778984,0.267859531222033,0,1,0,0,"0|1|0|0"
"872",8.21504706446975,6.17286827455094,-6.21078082270545,-0.467233129861761,0,0,0,0,"0|0|0|0"
"873",10.0207114622976,7.88004740768296,-7.95902865192781,-5.19422913975237,0,0,-1,-1,"0|0|-1|-1"
"874",7.93948383039547,10.7100112776674,-5.31688193490317,-4.05277740364672,0,0,0,0,"0|0|0|0"
"875",9.58883723620206,3.44553293435548,-2.01540335677752,-2.96089074377296,0,-1,0,0,"0|-1|0|0"
"876",9.74990486517003,11.5631037720727,-8.58919759929698,-6.27836393951234,0,0,-1,-1,"0|0|-1|-1"
"877",1.76905233650013,5.5272004367229,-0.524975112682989,-5.38484321079738,-1,0,1,-1,"-1|0|1|-1"
"878",2.82165635187357,4.97379107547859,-1.97293953308276,-4.05277740364672,0,0,0,0,"0|0|0|0"
"879",-3.24700000435783,4.97811906514337,-10.6205864534251,-4.05277740364672,-2,0,-2,0,"-2|0|-2|0"
"880",11.5865398454075,7.61483204763917,-6.3847206973426,-3.04961366451735,1,0,0,0,"1|0|0|0"
"881",12.5110357446005,4.11162138131973,1.33751542335909,-6.27836393951234,1,-1,1,-1,"1|-1|1|-1"
"882",11.7530375776761,12.5490904028961,-8.60443305400279,-1.96547886475738,1,1,-1,0,"1|1|-1|0"
"883",11.1523739924585,7.71457188934913,-3.73533296413576,1.05173724952259,1,0,0,0,"1|0|0|0"
"884",2.30817745145709,7.38849581775631,-6.03898345435568,2.96597945897193,-1,0,0,1,"-1|0|0|1"
"885",9.77601590532661,14.1918896530697,-1.71760182224355,3.4880779270881,0,1,0,1,"0|1|0|1"
"886",12.6106056565339,15.1080943107901,-10.7854988693951,-6.27836393951234,1,1,-2,-1,"1|1|-2|-1"
"887",8.49624893290416,9.24318606572081,1.51168277062595,-5.55789954023737,0,0,1,-1,"0|0|1|-1"
"888",6.60837228257243,2.75563560505939,-6.38473749895912,0.988323930497003,0,-1,0,0,"0|-1|0|0"
"889",10.2248956736965,-0.888446185333056,-6.81347327170163,-6.27836393951234,0,-2,0,-1,"0|-2|0|-1"
"890",8.23827591033112,7.90944930989878,-3.14624137330799,-0.205453879677374,0,0,0,0,"0|0|0|0"
"891",10.0138354927615,5.25774898961499,-0.275266167795514,-0.103562729376762,0,0,1,0,"0|0|1|0"
"892",6.02737878744071,3.6300879317171,-4.82500446194672,-0.35149373676745,0,-1,0,0,"0|-1|0|0"
"893",6.15289453188351,7.41274544758969,-5.87494465981924,1.70878832977197,0,0,0,1,"0|0|0|1"
"894",10.641655575819,-0.767302123102088,-7.08940326700459,-6.27836393951234,1,-2,0,-1,"1|-2|0|-1"
"895",8.63993884397956,2.87672068852341,-4.29957850678063,-2.96089074377296,0,-1,0,0,"0|-1|0|0"
"896",0.39934314617497,14.9392533382004,-5.02234200983349,2.96597945897193,-1,1,0,1,"-1|1|0|1"
"897",7.07177409387838,7.65829252117888,-2.03949899765246,-0.205453879677374,0,0,0,0,"0|0|0|0"
"898",2.25910647907628,11.1185079902338,-6.93110272050404,-3.33231300437175,-1,0,0,0,"-1|0|0|0"
"899",10.3566731758355,5.15545324384833,-4.06870422694595,-6.27836393951234,1,0,0,-1,"1|0|0|-1"
"900",6.42199272532765,10.5794637369993,-11.2060846879168,-1.34690561578302,0,0,-2,0,"0|0|-2|0"
"901",4.14606472709579,10.1706825120551,0.550438050179043,-2.24042634449799,0,0,1,0,"0|0|1|0"
"902",5.16591553629997,9.03116916303006,-2.29432743289458,-3.33231300437175,0,0,0,0,"0|0|0|0"
"903",8.14276667768045,12.0082952774529,-7.77772697498225,-4.05277740364672,0,1,-1,0,"0|1|-1|0"
"904",5.87097882584856,7.66608746379019,-1.7538117155628,-2.96089074377296,0,0,0,0,"0|0|0|0"
"905",9.40558258099792,2.31977894212067,-2.69119821962405,2.24551505969696,0,-1,0,1,"0|-1|0|1"
"906",4.51316246914749,17.1636899747511,-7.45929130618246,-2.91132566754107,0,2,-1,0,"0|2|-1|0"
"907",11.5130071135003,16.1637194507095,-7.2872665644792,-3.58024401176244,1,2,-1,0,"1|2|-1|0"
"908",6.61388095854443,7.32924538995905,-4.65474320807527,-5.38484321079738,0,0,0,-1,"0|0|0|-1"
"909",1.18338635674692,6.09507227870515,-0.491808695245952,-4.05277740364672,-1,0,1,0,"-1|0|1|0"
"910",7.70233211308484,6.72063192644814,-4.29585083736845,-1.07195813604242,0,0,0,0,"0|0|0|0"
"911",6.12549477366237,3.39892266565509,-0.0575306714398667,-6.27836393951234,0,-1,1,-1,"0|-1|1|-1"
"912",10.0304196513797,9.58467234225774,-4.45238953873306,-6.27836393951234,0,0,0,-1,"0|0|0|-1"
"913",8.20010270826986,9.71427690502853,-3.42581610504877,-2.06737001505799,0,0,0,0,"0|0|0|0"
"914",3.36523436253547,8.57195206871284,-3.36530541665325,-1.81943900766731,0,0,0,0,"0|0|0|0"
"915",5.22295818732375,5.67651225263565,-4.74296245150851,-4.05277740364672,0,0,0,0,"0|0|0|0"
"916",10.2500033272921,14.896417390419,-7.57806200894687,3.96139133798751,0,1,-1,1,"0|1|-1|1"
"917",6.81195235990695,9.66661717817941,-4.86568161413044,-3.33231300437175,0,0,0,0,"0|0|0|0"
"918",8.29567655523748,4.41048021729115,0.683343642733742,0.158216520807625,0,0,1,0,"0|0|1|0"
"919",6.08410691234266,9.97618226482785,-4.09611634242365,4.85491206670247,0,0,0,2,"0|0|0|2"
"920",3.67858023190714,15.653195039528,-6.74737002781034,-2.32914926524238,0,1,0,0,"0|1|0|0"
"921",3.48552855130902,7.5615128411695,-2.27109188612884,-0.35149373676745,0,0,0,0,"0|0|0|0"
"922",6.82249839759105,8.25919815721949,-2.90733195632991,0.7899579993382,0,0,0,0,"0|0|0|0"
"923",4.89300164379482,14.1579256518395,1.65136730467348,5.57537646597744,0,1,1,2,"0|1|1|2"
"924",5.72543457632259,5.65706816919166,-2.98087212793894,-2.96089074377296,0,0,0,0,"0|0|0|0"
"925",2.12753483288768,5.14199183388431,-1.6458651758308,-4.04502554353292,-1,0,0,0,"-1|0|0|0"
"926",7.81424614177802,14.2005108076375,-5.3045788911544,0.878680920082594,0,1,0,0,"0|1|0|0"
"927",11.4287782558484,1.61950923871325,-6.40099294740615,-3.33231300437175,1,-1,0,0,"1|-1|0|0"
"928",8.51643781792031,13.8432352356151,-3.96643722454686,-0.925918278952343,0,1,0,0,"0|1|0|0"
"929",0.789855388806295,12.145963096201,-4.1322853462218,2.24551505969696,-1,1,0,1,"-1|1|0|1"
"930",-0.0973777000146026,12.8884767140316,-3.78952644852873,4.68185573726248,-1,1,0,2,"-1|1|0|2"
"931",6.38864813489576,8.18808952365137,-4.69365981024544,-1.9081619284117,0,0,0,0,"0|0|0|0"
"932",5.32959970871628,17.8600739788664,-8.86007471007217,-1.07195813604242,0,2,-1,0,"0|2|-1|0"
"933",4.82684624975642,8.87749504572089,-2.08381197191056,-4.05277740364672,0,0,0,0,"0|0|0|0"
"934",5.85367043292113,6.90097099483626,-2.5614318483886,-5.19422913975237,0,0,0,-1,"0|0|0|-1"
"935",4.50573974231068,9.07243300696893,-4.68034790025746,-5.19422913975237,0,0,0,-1,"0|0|0|-1"
"936",0.431321893213029,4.89312657831092,-4.12607397661476,-4.05277740364672,-1,0,0,0,"-1|0|0|0"
"937",13.3042222112121,16.8171490474741,-3.98414285249395,-6.27836393951234,1,2,0,-1,"1|2|0|-1"
"938",12.2750063339095,13.2088685934907,-10.0538767491747,-5.18647727963857,1,1,-1,-1,"1|1|-1|-1"
"939",6.12836130330028,4.47890387497658,-6.59208181020775,1.87409279909817,0,0,0,1,"0|0|0|1"
"940",12.1711855928182,0.60073634843725,-8.81447301224929,-1.96547886475738,1,-1,-1,0,"1|-1|-1|0"
"941",4.64679427761256,8.61982723680069,-5.01413352672834,-1.24501446548241,0,0,0,0,"0|0|0|0"
"942",6.46603319814679,10.2014141322125,-1.50107113221414,-2.96089074377296,0,0,0,0,"0|0|0|0"
"943",10.6937550292221,16.3711514392988,-5.52705077449994,-4.05277740364672,1,2,0,0,"1|2|0|0"
"944",8.27798325309066,11.4055518533362,-3.06077163208977,-0.824027128651731,0,0,0,0,"0|0|0|0"
"945",3.6637993273558,5.01774184617378,-1.76012992955739,0.0694936000632309,0,0,0,0,"0|0|0|0"
"946",6.28719530555724,4.5259507657795,-11.785264708414,-0.205453879677374,0,0,-2,0,"0|0|-2|0"
"947",9.88738758992959,6.68989383858344,-4.76216608388106,-6.27836393951234,0,0,0,-1,"0|0|0|-1"
"948",4.72364497887008,5.62577362926482,-0.139302720252021,-5.19422913975237,0,0,1,-1,"0|0|1|-1"
"949",-4.29303883664119,8.53552624110437,-4.32068814378399,0.0694936000632309,-2,0,0,0,"-2|0|0|0"
"950",8.81631953086529,2.33752142878185,-1.99160241881773,-3.15925667493176,0,-1,0,0,"0|-1|0|0"
"951",4.18966746050909,4.73393736419503,-2.04965869736713,-4.04502554353292,0,0,0,0,"0|0|0|0"
"952",-2.64440654808489,13.73433573347,0.563597533373812,-3.38187808060364,-2,1,1,0,"-2|1|1|0"
"953",7.903691621489,4.70997412660777,-2.15336048666888,-1.34690561578302,0,0,0,0,"0|0|0|0"
"954",4.94653741350459,3.98357161488024,-6.29745402305879,-2.96089074377296,0,-1,0,0,"0|-1|0|0"
"955",9.21614277420957,10.2755358218273,-8.09733586186077,-4.05277740364672,0,0,-1,0,"0|0|-1|0"
"956",3.62970178199784,10.1747393663071,-3.71104265964018,-3.33231300437175,0,0,0,0,"0|0|0|0"
"957",4.58580210188651,5.27549682996186,2.42025435703784,-6.27836393951234,0,0,1,-1,"0|0|1|-1"
"958",6.91554934590645,3.40781898719347,-8.9997592441197,-5.13691220340669,0,-1,-1,-1,"0|-1|-1|-1"
"959",4.05796422542475,15.0713389288382,-9.45590819843618,3.59772093750251,0,1,-1,1,"0|1|-1|1"
"960",0.159688780219257,9.57138260805344,-2.44787701764059,0.0694936000632309,-1,0,0,0,"-1|0|0|0"
"961",7.6656111047333,7.06499502416142,-2.41089890505405,-3.15925667493176,0,0,0,0,"0|0|0|0"
"962",9.10347546651926,6.14354889102902,-9.09969821964957,-1.34690561578302,0,0,-1,0,"0|0|-1|0"
"963",10.0523853868035,12.0000771645428,-11.1417088481817,0.158216520807625,0,1,-2,0,"0|1|-2|0"
"964",7.02882128367329,5.81633161290071,-2.09212386825301,-2.96089074377296,0,0,0,0,"0|0|0|0"
"965",12.0408059240114,11.2066681913898,-9.55459623282837,-5.13691220340669,1,0,-1,-1,"1|0|-1|-1"
"966",5.08641096085712,6.79393976950766,-5.05601487651769,-3.33231300437175,0,0,0,0,"0|0|0|0"
"967",-0.0901815214280846,8.86977718451205,-0.787655068329666,2.96597945897193,-1,0,0,1,"-1|0|0|1"
"968",6.20227256483433,10.0131950091496,-1.71579941521226,-0.35149373676745,0,0,0,0,"0|0|0|0"
"969",9.25707603387128,11.4459475507627,-1.16600810982931,-6.27836393951234,0,0,0,-1,"0|0|0|-1"
"970",4.93913500750942,5.48973685250336,-1.45043920549094,-6.27836393951234,0,0,0,-1,"0|0|0|-1"
"971",8.8463389076276,6.766169554687,-3.53425752812843,-2.90357380742727,0,0,0,0,"0|0|0|0"
"972",9.07057807999805,6.05582430415746,-6.04343678226668,-6.27836393951234,0,0,0,-1,"0|0|0|-1"
"973",4.6926716224728,4.26059859407808,-2.29174710702056,-2.06737001505799,0,-1,0,0,"0|-1|0|0"
"974",12.6615796997228,11.9941067867651,-6.57690311029318,-3.33231300437175,1,1,0,0,"1|1|0|0"
"975",-3.32661919214527,7.87437029876231,-3.64626986658151,-0.824027128651731,-2,0,0,0,"-2|0|0|0"
"976",3.8394771512661,10.8613407199157,-1.70265477772228,-6.27836393951234,0,0,0,-1,"0|0|0|-1"
"977",-6.15782665438397,11.8156225490031,-2.75744660402048,-0.925918278952343,-2,0,0,0,"-2|0|0|0"
"978",7.7558414628719,2.11785193230232,-5.8553202905714,-2.43879227565679,0,-1,0,0,"0|-1|0|0"
"979",7.37270921233094,3.1649009859532,-11.0681275580254,-1.34690561578302,0,-1,-2,0,"0|-1|-2|0"
"980",5.76967274255075,8.03352632920352,4.15433769715139,-2.91132566754107,0,0,2,0,"0|0|2|0"
"981",-1.61089793075338,11.1892082670622,2.61377822084611,5.57537646597744,-2,0,1,2,"-2|0|1|2"
"982",12.7551892421562,4.53874088430132,-7.8458239012214,-6.27836393951234,1,0,-1,-1,"1|0|-1|-1"
"983",7.20469645216832,6.80885242501981,-2.44787701764059,-2.43104041554299,0,0,0,0,"0|0|0|0"
"984",10.7129813776573,1.61068814534569,-0.656629764100009,-2.06737001505799,1,-1,0,0,"1|-1|0|0"
"985",8.05219549205685,3.29536776127092,-6.67551614181027,-2.96089074377296,0,-1,0,0,"0|-1|0|0"
"986",8.84229864569359,11.533380692076,-2.50755213855115,-4.05277740364672,0,0,0,0,"0|0|0|0"
"987",3.51088015857509,4.38858573189557,-5.3743336926403,2.96597945897193,0,0,0,1,"0|0|0|1"
"988",10.202542462262,10.1310937118979,-12.2602021929718,2.15679213895257,0,0,-2,1,"0|0|-2|1"
"989",11.2477993335888,10.0474938111207,-8.10365407585536,-0.824027128651731,1,0,-1,0,"1|0|-1|0"
"990",13.465792930858,17.8600739788664,-9.20265068483299,-0.925918278952343,1,2,-1,0,"1|2|-1|0"
"991",10.9889804197223,5.93755364998572,-0.196511593895439,-2.24042634449799,1,0,1,0,"1|0|1|0"
"992",3.08477712686772,8.45320576754706,2.44156575036513,-4.04502554353292,0,0,1,0,"0|0|1|0"
"993",4.83869104120532,9.73315631164103,-4.50435822767548,-5.38484321079738,0,0,0,-1,"0|0|0|-1"
"994",9.35183322481449,10.3845537835417,-4.18344154559182,-5.13691220340669,0,0,0,-1,"0|0|0|-1"
"995",7.61238382362984,4.44196934620529,-4.29883052985343,-4.4737647404774,0,0,0,0,"0|0|0|0"
"996",11.9574772862672,17.8600739788664,-7.34091388045284,-2.06737001505799,1,2,-1,0,"1|2|-1|0"
"997",7.21095276362245,8.99903531216167,-6.8254367256387,0.158216520807625,0,0,0,0,"0|0|0|0"
"998",4.03649910906867,5.20453238642414,-4.62419321846945,-0.727552347793541,0,0,0,0,"0|0|0|0"
"999",2.61268730889229,9.70213102584058,2.06212022481279,-1.81943900766731,0,0,1,0,"0|0|1|0"
"1000",8.30687823063007,6.66199495181466,-5.43557031105617,-2.24042634449799,0,0,0,0,"0|0|0|0"
"1001",5.82035184069764,6.34281269746549,-1.54963020409361,0.7899579993382,0,0,0,0,"0|0|0|0"
"1002",6.09228484300504,10.3170667814324,0.727049316711334,1.88184465921197,0,0,1,1,"0|0|1|1"
"1003",9.48356985768496,8.38972174971493,-6.014064868769,-0.35149373676745,0,0,0,0,"0|0|0|0"
"1004",7.28739228264541,8.09624487256409,-3.51386723823729,-3.33231300437175,0,0,0,0,"0|0|0|0"
"1005",-4.56007330786114,9.45300542234987,-5.16582764952439,5.57537646597744,-2,0,0,2,"-2|0|0|2"
"1006",3.3937296581396,10.429404902585,-2.01540335677752,-5.13691220340669,0,0,0,-1,"0|0|0|-1"
"1007",9.2030524389802,13.3394613508007,-9.24640457928366,2.24551505969696,0,1,-1,1,"0|1|-1|1"
"1008",8.69314963523553,11.4780684216729,-10.3686190105778,-0.35149373676745,0,0,-1,0,"0|0|-1|0"
"1009",6.53082531987195,11.4814920020595,-6.72315398771936,0.878680920082594,0,0,0,0,"0|0|0|0"
"1010",4.29556096039525,2.9364551898795,-3.47988185927373,-6.27836393951234,0,-1,0,-1,"0|-1|0|-1"
"1011",-3.17301171116354,8.70116621223719,-5.41867006099638,1.87409279909817,-2,0,0,1,"-2|0|0|1"
"1012",2.05132230901574,11.6564470502259,-7.55928921422576,-3.33231300437175,-1,0,-1,0,"-1|0|-1|0"
"1013",-6.72789806939771,17.2123304224877,-9.16650507513282,-6.27836393951234,-2,2,-1,-1,"-2|2|-1|-1"
